collect_id,collect_name,eqp_id,meth_id,unit
C1101A_AI,二期高压风机AB相电流,,CM01,A
C1101A_HzI,二期高压风机A频率,,CM01,Hz
C1101B_AI,二期高压风机BB相电流,,CM01,A
C1101B_HzI,二期高压风机B频率,,CM01,Hz
P2001A_AI,一级循环水泵AB相电流,,CM01,A
P2001B_AI,一级循环水泵BB相电流,,CM01,A
P2001C_AI,一级循环水泵CB相电流,,CM01,A
P2001D_AI,一级循环水泵DB相电流,,CM01,A
C5001_AI,氧化风机AB相电流,,CM01,A
C5002_AI,氧化风机BB相电流,,CM01,A
C5003_AI,氧化风机CB相电流,,CM01,A
P2002A_AI,二级循环泵AB相电流,,CM01,A
P2002B_AI,二级循环泵BB相电流,,CM01,A
P2004A_AI,一段循环水泵AB相电流,EQ00044,CM01,A
P2004B_AI,一段循环水泵BB相电流,EQ00045,CM01,A
P2005A_AI,二段循环水泵AB相电流,EQ00042,CM01,A
P2005B_AI,二段循环水泵BB相电流,EQ00043,CM01,A
C4004A_AI,干燥引风机AB相电流,EQ00026,CM01,A
C4004B_AI,干燥引风机BB相电流,,CM01,A
S3002A_AI,离心机AB相电流,,CM01,A
S3002B_AI,离心机BB相电流,EQ00016,CM01,A
S3002AYBAI,离心机A油泵B相电流,,CM01,A
S3002BYBAI,离心机B油泵B相电流,EQ00016,CM01,A
P2003A_AI,硫铵排出泵AB相电流,,CM01,A
P2003B_AI,硫铵排出泵BB相电流,,CM01,A
P8001A_AI,工艺水泵AB相电流,EQ00040,CM01,A
P8001B_AI,工艺水泵BB相电流,EQ00041,CM01,A
P7001_AI,检修泵B相电流,,CM01,A
C4002A_AI,预热风机AB相电流,EQ00023,CM01,A
C4002B_AI,预热风机BB相电流,,CM01,A
A2001_AI,循环槽搅拌器B相电流,EQ00005,CM01,A
UPS_I,UPS输出电流,,CM01,A
AA101_BI,低压进线柜B相电流,,CM01,A
AA101_BU,低压进线柜B相电压,,CM01,V
UPS_Hz,UPS输出频率,,CM01,Hz
UPS_Ub,UPS输出电压,,CM01,V
AI02000600,备用,,CM01,
AI02000601,备用,,CM01,
AI02000602,备用,,CM01,
AI02000603,备用,,CM01,
AI02000604,备用,,CM01,
AI02000605,备用,,CM01,
AI02000700,备用,,CM01,
AI02000701,备用,,CM01,
AI02000702,备用,,CM01,
AI02000703,备用,,CM01,
AI02000704,备用,,CM01,
AI02000705,备用,,CM01,
MT_1001,塔原烟气湿度,,CM01,%
AT_1001,塔原烟气SO2含量,,CM01,mg/NM3
AT_1002,塔原烟气NO含量,,CM01,mg/NM3
AT_1003,塔原烟气O2含量,,CM01,%
AT_1004,塔原烟气DUST含量,,CM01,mg/NM3
TT_1001,塔原烟气温度,,CM01,℃
PT_1001,塔原烟气压力,,CM01,Pa
FT_1001,塔原烟气流量,,CM01,m/s
MT_1002,塔净烟气H2O气含量,,CM01,%
AT_1005,塔净烟气SO2含量,,CM01,mg/NM3
AT_1006,塔净烟气O2含量,,CM01,%
AT_1007,塔净烟气NO含量,,CM01,mg/NM3
AT_1008,塔净烟气粉尘含量,,CM01,mg/NM3
TT_1005,塔净烟气温度,,CM01,℃
PT_1009,塔净烟气压力,,CM01,Pa
FT_1002,塔净烟气流量,,CM01,m/s
XV_1002aZT,高压风机A入口门反馈,,CM01,%
XV_1002bZT,高压风机B入口门反馈,,CM01,%
PT_1004,塔原烟气压力,,CM01,Pa
PT_1005,塔除雾器前压力,,CM01,Pa
PT_1006,塔除雾器中压力,,CM01,Pa
PT_1007,塔除雾器后压力,,CM01,Pa
PT_1008,塔三级循环压力,,CM01,Pa
VT_1001a,二期高压风机A轴振动1,,CM01,mm/S
VT_1002a,二期高压风机A轴振动2,,CM01,mm/S
VT_1001b,二期高压风机B轴振动1,,CM01,mm/S
VT_1002b,二期高压风机B轴振动2,,CM01,mm/S
AT_2001,塔一级循环泵A出口PH,EQ00006,CM01,PH
AT_2002,塔一级循环泵D出口PH,EQ00009,CM01,PH
LT_2001,循环槽液位,EQ00004,CM01,m
LT_2003,二段循环水槽液位,EQ00047,CM01,m
LT_2002,一段循环水槽液位,EQ00046,CM01,m
PT_2003,二级循环泵出口压力,,CM01,Mpa
PT_2008,一段循环水泵出口压力,,CM01,Mpa
PT_2006,二段循环水泵出口压力,,CM01,Mpa
PT_4001,进口蒸汽压力,,CM01,Mpa
TE_1002,塔原烟气温度,,CM01,℃
TE_1003a,塔浓缩段温度1,,CM01,℃
TE_1003b,塔浓缩段温度2,,CM01,℃
TE_1003c,塔浓缩段温度3,,CM01,℃
TE_1004,塔吸收段温度,,CM01,℃
TE_1006a,高压风机A轴承温度1,,CM01,℃
TE_1009a,高压风机A轴承温度2,,CM01,℃
TE_1012a,高压风机A定子A温度,,CM01,℃
TE_1013a,高压风机A定子B温度,,CM01,℃
TE_1014a,高压风机A定子C温度,,CM01,℃
TE_1015a,高压风机A轴伸端温度,,CM01,℃
TE_1016a,高压风机A非轴端温度,,CM01,℃
TE_1006b,高压风机B轴承温度1,,CM01,℃
TE_1009b,高压风机B轴承温度2,,CM01,℃
TE_1012b,高压风机B定子A温度,,CM01,℃
TE_1013b,高压风机B定子B温度,,CM01,℃
TE_1014b,高压风机B定子C温度,,CM01,℃
TE_1015b,高压风机B轴伸段温度,,CM01,℃
TE_1016b,高压风机B非轴段温度,,CM01,℃
TE_2001a,1循环泵A定子A温度,,CM01,℃
TE_2002a,1循环泵A定子B温度,,CM01,℃
TE_2003a,1循环泵A定子C温度,,CM01,℃
TE_2004a,1循环泵A轴伸端温度,,CM01,℃
TE_2005a,1循环泵A非轴伸端温度,,CM01,℃
TE_2001b,1循环泵B定子A温度,,CM01,℃
TE_2002b,1循环泵B定子B温度,,CM01,℃
TE_2003b,1循环泵B定子C温度,,CM01,℃
TE_2004b,1循环泵B轴伸端温度,,CM01,℃
TE_2005b,1循环泵B非轴伸端温度,,CM01,℃
TE_2001c,1循环泵C定子A温度,,CM01,℃
TE_2002c,1循环泵C定子B温度,,CM01,℃
TE_2003c,1循环泵C定子C温度,,CM01,℃
TE_2004c,1循环泵C轴伸端温度,,CM01,℃
TE_2005c,1循环泵C非轴伸端温度,,CM01,℃
TE_2001d,1循环泵D定子A温度,,CM01,℃
TE_2002d,1循环泵D定子B温度,,CM01,℃
TE_2003d,1循环泵D定子C温度,,CM01,℃
TE_2004d,1循环泵D轴伸端温度,,CM01,℃
TE_2005d,1循环泵D非轴伸端温度,,CM01,℃
TE_5101a,1氧化风机1次风机轴T1,EQ00029,CM01,℃
TE_5101b,1氧化风机1次风机轴T2,EQ00029,CM01,℃
TE_5101c,1氧化风机1次风机轴T3,EQ00029,CM01,℃
TE_5101d,1氧化风机1次风机轴T4,EQ00029,CM01,℃
TE_5102a,1氧化风机2次风机轴T1,,CM01,℃
TE_5102b,1氧化风机2次风机轴T2,,CM01,℃
TE_5102c,1氧化风机2次风机轴T3,,CM01,℃
TE_5102d,1氧化风机2次风机轴T4,,CM01,℃
TE_5103a,1氧化风机电机轴伸端T,,CM01,℃
TE_5103b,1氧化风机非轴伸端T,,CM01,℃
TE_5104a,1氧化风机定子线圈AT,,CM01,℃
TE_5104b,1氧化风机定子线圈BT,,CM01,℃
TE_5104c,1氧化风机定子线圈CT,,CM01,℃
TE_5201a,2氧化风机1次风机轴T1,,CM01,℃
TE_5201b,2氧化风机1次风机轴T2,,CM01,℃
TE_5201c,2氧化风机1次风机轴T3,,CM01,℃
TE_5201d,2氧化风机1次风机轴T4,,CM01,℃
TE_5202a,2氧化风机2次风机轴T1,EQ00030,CM01,℃
TE_5202b,2氧化风机2次风机轴T2,EQ00030,CM01,℃
TE_5202c,2氧化风机2次风机轴T3,EQ00030,CM01,℃
TE_5202d,2氧化风机2次风机轴T4,EQ00030,CM01,℃
TE_5203a,2氧化风机电机轴伸端T,,CM01,℃
TE_5203b,2氧化风机非轴伸端T,,CM01,℃
TE_5204a,2氧化风机定子线圈AT,,CM01,℃
TE_5204b,2氧化风机定子线圈BT,,CM01,℃
TE_5204c,2氧化风机定子线圈CT,,CM01,℃
TE_5301a,3氧化风机1次风机轴T1,,CM01,℃
TE_5301b,3氧化风机1次风机轴T2,,CM01,℃
TE_5301c,3氧化风机1次风机轴T3,,CM01,℃
TE_5301d,3氧化风机1次风机轴T4,,CM01,℃
TE_5302a,3氧化风机2次风机轴T1,,CM01,℃
TE_5302b,3氧化风机2次风机轴T2,,CM01,℃
TE_5302c,3氧化风机2次风机轴T3,,CM01,℃
TE_5302d,3氧化风机2次风机轴T4,,CM01,℃
TE_5303a,3氧化风机电机轴伸端T,,CM01,℃
TE_5303b,3氧化风机非轴伸端T,,CM01,℃
TE_5304a,3氧化风机定子线圈AT,,CM01,℃
TE_5304b,3氧化风机定子线圈BT,,CM01,℃
TE_5304c,3氧化风机定子线圈CT,,CM01,℃
TE_5001,去塔氧化风机出口温度,,CM01,℃
TE_6005,氨水出口温度,,CM01,℃
TE_4001,蒸汽进口温度指示,,CM01,℃
TE_9002,至机组循环回水温度,,CM01,℃
AI02040402,备用,,CM01,
AI02040403,备用,,CM01,
AI02040500,备用,,CM01,
AI02040501,备用,,CM01,
AI02040502,备用,,CM01,
AI02040503,备用,,CM01,
TI_1001,定子温度,,CM01,℃
TI_1002,轴伸端轴承,,CM01,℃
TI_1003,非轴伸端轴承,,CM01,℃
AI02040603,备用,,CM01,
AI02040700,备用,,CM01,
AI02040701,备用,,CM01,
AI02040702,备用,,CM01,
AI02040703,备用,,CM01,
AI02040800,备用,,CM01,
AI02040801,备用,,CM01,
AI02040802,备用,,CM01,
AI02040803,备用,,CM01,
AI02040900,备用,,CM01,
AI02040901,备用,,CM01,
AI02040902,备用,,CM01,
AI02040903,备用,,CM01,
AI02041000,备用,,CM01,
AI02041001,备用,,CM01,
AI02041002,备用,,CM01,
AI02041003,备用,,CM01,
AI02041100,备用,,CM01,
AI02041101,备用,,CM01,
AI02041102,备用,,CM01,
AI02041103,备用,,CM01,
AI02041200,备用,,CM01,
AI02041201,备用,,CM01,
AI02041202,备用,,CM01,
AI02041203,备用,,CM01,
TI-7201,2#氧化风入口冷却水温,,CM01,℃
TI-7202,2#氧化风出口冷却水温,,CM01,℃
T_DJRX,备用,,CM01,
AI02041303,备用,,CM01,
C1101A_AO,高压风机A电流给定,,CM01,
C1101A_HzO,高压风机A频率给定,,CM01,
C1101B_AO,高压风机B电流给定,,CM01,
C1101B_HzO,高压风机B频率给定,,CM01,
XV_1002aCC,高压风机A入口门控制,,CM01,
XV_1002bCC,高压风机B入口门控制,,CM01,
FV_6002CC,去氨稀释液氨入口调节,,CM01,
AV_6003CC,去塔氨水流量控制,,CM01,
CEMS_0101,原烟气CEMS反吹,,CM01,是
CEMS_0102,原烟气CEMS维护,,CM01,是
CEMS_0103,原烟气CEMS调零,,CM01,是
CEMS_0104,原烟气CEMS湿度报警,,CM01,是
CEMS_0201,净烟气CEMS反吹,,CM01,是
CEMS_0202,净烟气CEMS维护,,CM01,是
CEMS_0203,净烟气CEMS调零,,CM01,是
CEMS_0204,净烟气CEMS湿度报警,,CM01,是
XV_1002aZC,高压风机A入口门关,,CM01,是
XV_1002aZF,高压风机A入口门故障,,CM01,是
XV_1002bZC,高压风机B入口门关,,CM01,是
XV_1002bZF,高压风机B入口门故障,,CM01,是
XV_1001ZO,塔入口烟道消防水阀开,,CM01,是
XV_1001ZC,塔入口烟道消防水阀关,,CM01,是
XV_6001ZO,除盐水入口切断阀全开,,CM01,是
XV_6001ZC,除盐水入口切断阀全关,,CM01,是
XV_2001aZO,二级循环泵A入口阀开,,CM01,是
XV_2001aZC,二级循环泵A入口阀关,,CM01,是
XV_2001bZO,二级循环泵B入口阀开,,CM01,是
XV_2001bZC,二级循环泵B入口阀关,,CM01,是
XV_2002aZO,二级循环泵A出口阀开,,CM01,是
XV_2002aZC,二级循环泵A出口阀关,,CM01,是
XV_2002bZO,二级循环泵B出口阀开,,CM01,是
XV_2002bZC,二级循环泵B出口阀关,,CM01,是
XV_2003ZO,浓缩段稀硫铵冲洗阀开,,CM01,是
XV_2003ZC,浓缩段稀硫铵冲洗阀关,,CM01,是
XV_2004ZO,浓缩段回流阀开,,CM01,是
XV_2004ZC,浓缩段回流阀关,,CM01,是
XV_2005ZO,二段循环水槽入口阀开,EQ00047,CM01,是
XV_2005ZC,二段循环水槽入口阀关,EQ00047,CM01,是
XV_2006ZO,一段循环水槽入口阀开,EQ00046,CM01,是
XV_2006ZC,一段循环水槽入口阀关,EQ00046,CM01,是
XV_8001ZO,工艺水槽入口阀开,EQ00039,CM01,是
XV_8001ZC,工艺水槽入口阀关,EQ00039,CM01,是
XV_8002aZO,2级除雾器冲洗阀1开,,CM01,是
XV_8002aZC,2级除雾器冲洗阀1关,,CM01,是
XV_8002aF,2级除雾器冲洗阀1故障,,CM01,是
XV_8002bZO,2级除雾器冲洗阀2开,,CM01,是
XV_8002bZC,2级除雾器冲洗阀2关,,CM01,是
XV_8002bF,2级除雾器冲洗阀2故障,,CM01,是
XV_8002cZO,2级除雾器冲洗阀3开,,CM01,是
XV_8002cZC,2级除雾器冲洗阀3关,,CM01,是
XV_8002cF,2级除雾器冲洗阀3故障,,CM01,是
XV_8003aZO,1级除雾器冲洗阀1开,,CM01,是
XV_8003aZC,1级除雾器冲洗阀1关,,CM01,是
XV_8003aF,1级除雾器冲洗阀1故障,,CM01,是
XV_8003bZO,1级除雾器冲洗阀2开,,CM01,是
XV_8003bZC,1级除雾器冲洗阀2关,,CM01,是
XV_8003bF,1级除雾器冲洗阀2故障,,CM01,是
XV_8003cZO,1级除雾器冲洗阀3开,,CM01,是
XV_8003cZC,1级除雾器冲洗阀3关,,CM01,是
XV_8003cF,1级除雾器冲洗阀3故障,,CM01,是
XV_8004aZO,浓缩段溢流管冲洗阀开,,CM01,是
XV_8004aZC,浓缩段溢流管冲洗阀关,,CM01,是
XV_8004bZO,浓缩段底流管冲洗阀开,,CM01,是
XV_8004bZC,浓缩段底流管冲洗阀关,,CM01,是
XV_8004cZO,浓缩段排空管冲洗阀开,,CM01,是
XV_8004cZC,浓缩段排空管冲洗阀关,,CM01,是
XV_8005ZO,浓缩段水冲洗阀开,,CM01,是
XV_8005ZC,浓缩段水冲洗阀关,,CM01,是
XV_8006ZO,2次氧化空气冲洗阀开,,CM01,是
XV_8006ZC,2次氧化空气冲洗阀关,,CM01,是
DI02060314,备用,,CM01,是
DI02060315,备用,,CM01,是
XV_8008aZO,2级循环泵A出冲洗阀开,,CM01,是
XV_8008aZC,2级循环泵A出冲洗阀关,,CM01,是
XV_8008bZO,2级循环泵B出冲洗阀开,,CM01,是
XV_8008bZC,2级循环泵B出冲洗阀关,,CM01,是
XV_8009aZO,2级循环泵A进冲洗阀开,,CM01,是
XV_8009aZC,2级循环泵A进冲洗阀关,,CM01,是
XV_8009bZO,2级循环泵B进冲洗阀开,,CM01,是
XV_8009bZC,2级循环泵B进冲洗阀关,,CM01,是
XV_8010aZO,入口烟道底部冲洗阀开,,CM01,是
XV_8010aZC,入口烟道底部冲洗阀关,,CM01,是
XV_8010bZO,入口烟道两侧冲洗阀开,,CM01,是
XV_8010bZC,入口烟道两侧冲洗阀关,,CM01,是
XV_4001ZO,1#干燥机蒸汽入口阀开,,CM01,是
XV_4001ZC,1#干燥机蒸汽入口阀关,,CM01,是
XV_4002ZO,2#干燥机蒸汽入口阀开,,CM01,是
XV_4002ZC,2#干燥机蒸汽入口阀关,,CM01,是
P6001B_RM,氨水泵BDCS控制状态,EQ00038,CM01,是
F4001A_ZS,振动流化床A运行状态,,CM01,是
F4001A_PM,振动流化床A事故跳闸,,CM01,是
F4001A_RM,振动流化床ADCS状态,,CM01,是
F4001B_ZS,振动流化床B运行状态,,CM01,是
F4001B_PM,振动流化床B事故跳闸,,CM01,是
F4001B_RM,振动流化床BDCS状态,,CM01,是
C4001A_ZS,加热风机A运行状态,EQ00024,CM01,是
C4001A_PM,加热风机A事故跳闸,EQ00024,CM01,是
C4001A_RM,加热风机ADCS控制状态,EQ00024,CM01,是
C4001B_ZS,加热风机B运行状态,,CM01,是
C4001B_PM,加热风机B事故跳闸,,CM01,是
C4001B_RM,加热风机BDCS控制状态,,CM01,是
C4003A_ZS,冷风机A运行状态,EQ00025,CM01,是
C4003A_PM,冷风机A事故跳闸,EQ00025,CM01,是
C4003A_RM,冷风机ADCS控制状态,EQ00025,CM01,是
C4003B_ZS,冷风机B运行状态,,CM01,是
C4003B_PM,冷风机B事故跳闸,,CM01,是
C4003B_RM,冷风机BDCS控制状态,,CM01,是
M4001A_ZS,进料绞龙A运行状态,,CM01,是
M4001A_PM,进料绞龙A事故跳闸,,CM01,是
M4001A_RM,进料绞龙ADCS控制状态,,CM01,是
M4001B_ZS,进料绞龙B运行状态,,CM01,是
M4001B_PM,进料绞龙B事故跳闸,,CM01,是
M4001B_RM,进料绞龙BDCS控制状态,,CM01,是
M4002A_ZS,旋转卸料阀A运行状态,EQ00022,CM01,是
M4002A_PM,旋转卸料阀A事故跳闸,EQ00022,CM01,是
M4002A_RM,旋转卸料阀ADCS状态,EQ00022,CM01,是
M4002B_ZS,旋转卸料阀B运行状态,EQ00022,CM01,是
M4002B_PM,旋转卸料阀B事故跳闸,EQ00022,CM01,是
M4002B_RM,旋转卸料阀BDCS状态,EQ00022,CM01,是
A2001_ZS,循环槽搅拌器运行状态,EQ00005,CM01,是
A2001_PM,循环槽搅拌器事故跳闸,EQ00005,CM01,是
A2001_RM,循环槽搅拌器DCS状态,EQ00005,CM01,是
APL07_ZS,超声波发生器运行状态,,CM01,是
APL07_PM,超声波发生器事故跳闸,,CM01,是
APL07_RM,超声波发生器DCS状态,,CM01,是
UPS_PM,UPS系统综合故障,,CM01,是
UPS_XLM,UPS馈线开关跳闸报警,,CM01,是
UPS_XLZ,UPS系统主回路运行,,CM01,是
UPS_XLP,UPS系统旁路运行,,CM01,是
AA101_ZS,低压进线柜运行状态,,CM01,是
AA101_PM,低压进线柜事故跳闸,,CM01,是
AA101_PD,低压进线柜控制断线,,CM01,是
DI02060712,备用,,CM01,是
DI02060713,备用,,CM01,是
DI02060714,备用,,CM01,是
DI02060715,备用,,CM01,是
XV_1001O,塔入口烟道消防水阀关,,CM01,是
XV_6001O,除盐水入口切断阀开,,CM01,是
FSV_6002,去氨稀释液氨入口阀关,,CM01,否
XV_2001aO,2级循环泵A入口阀开,,CM01,是
XV_2001aC,2级循环泵A入口阀关,,CM01,是
XV_2001bO,2级循环泵B入口阀开,,CM01,是
XV_2001bC,2级循环泵B入口阀关,,CM01,是
XV_2002aO,2级循环泵A出口阀开,,CM01,是
XV_2002aC,2级循环泵A出口阀关,,CM01,是
XV_2002bO,2级循环泵B出口阀开,,CM01,是
XV_2002bC,2级循环泵B出口阀关,,CM01,是
XV_2003O,浓缩段稀硫铵冲洗阀开,,CM01,是
XV_2004O,浓缩段回流阀开,,CM01,是
XV_2005O,2段循环水槽入口阀开,,CM01,是
XV_2006O,1段循环水槽入口阀开,,CM01,是
XV_8001O,工艺水槽入口阀开,EQ00039,CM01,是
XV_8004aO,浓缩段溢流管冲洗阀开,,CM01,是
XV_8004bO,浓缩段底流管冲洗阀开,,CM01,是
XV_8004cO,浓缩段排空管冲洗阀开,,CM01,是
XV_8005O,浓缩段水冲洗阀开,,CM01,是
XV_8006O,2次氧化空气冲洗阀开,,CM01,是
XV_8007O,氧化段补水阀开,,CM01,是
XV_8008aO,2级循环泵A出冲洗阀开,,CM01,是
XV_8008bO,2级循环泵B出冲洗阀开,,CM01,是
XV_8009aO,2级循环泵A进冲洗阀开,,CM01,是
XV_8009bO,2级循环泵B进冲洗阀开,,CM01,是
XV_8010aO,入口烟道底部冲洗阀开,,CM01,是
XV_8010bO,入口烟道两侧冲洗阀开,,CM01,是
XV_4001O,1#干燥机蒸汽入口阀开,,CM01,是
XV_4002O,2#干燥机蒸汽入口阀开,,CM01,是
DO02061114,备用,,CM01,是
DO02061115,备用,,CM01,是
DO02061200,备用,,CM01,是
DO02061201,备用,,CM01,是
DO02061202,备用,,CM01,是
DO02061203,备用,,CM01,是
DO02061204,备用,,CM01,是
DO02061205,备用,,CM01,是
DO02061206,备用,,CM01,是
DO02061207,备用,,CM01,是
DO02061208,备用,,CM01,是
DO02061209,备用,,CM01,是
DO02061210,备用,,CM01,是
DO02061211,备用,,CM01,是
DO02061212,备用,,CM01,是
DO02061213,备用,,CM01,是
DO02061214,备用,,CM01,是
DO02061215,备用,,CM01,是
DO02061300,备用,,CM01,是
DO02061301,备用,,CM01,是
DO02061302,备用,,CM01,是
DO02061303,备用,,CM01,是
DO02061304,备用,,CM01,是
DO02061305,备用,,CM01,是
DO02061306,备用,,CM01,是
DO02061307,备用,,CM01,是
DO02061308,备用,,CM01,是
DO02061309,备用,,CM01,是
DO02061310,备用,,CM01,是
DO02061311,备用,,CM01,是
DO02061312,备用,,CM01,是
DO02061313,备用,,CM01,是
DO02061314,备用,,CM01,是
DO02061315,备用,,CM01,是
AT02807070,备用,,CM01,t/h
LT_7001,吸收区地坑液位,,CM01,m
LT_7002,硫铵区地坑液位,,CM01,m
LT_7003,检修池液位,,CM01,m
LT_6001a,氨水槽A液位,EQ00036,CM01,kPa
LT_6001b,氨水槽B液位,,CM01,kPa
LT_8001,工艺水槽液位,EQ00039,CM01,m
PT_5001,去塔氧化风机出口压力,,CM01,kPa
PT_6002,循环水给水总管压力,,CM01,Mpa
FT_6001,进氨稀释除盐水入流量,,CM01,t/h
FT_6002,进氨稀释液氨入口流量,,CM01,t/h
DT_6001,出氨稀释系统氨水浓度,,CM01,%
PT_6010,液氨入口压力,,CM01,Mpa
LT_6001,氨水制备器液位,,CM01,m
FV_6002ZT,去氨稀释液氨入口阀位,,CM01,%
AT_6001,氨稀释附件氨泄漏报警,,CM01,mg/m3
PT_6008,氨水泵AB出口总管压力,EQ00037,CM01,Mpa
FT_6003,进脱硫塔氨水入口流量,EQ00001,CM01,m3/h
FT_8001,进工艺水槽水入口流量,EQ00039,CM01,m3/h
PT_9001,界区循环水来水压力,,CM01,Mpa
AI02080706,备用,,CM01,%
PT_8002,工艺水泵出口总管压力,,CM01,Mpa
PT_8004,冲洗总管进口压力,,CM01,Mpa
PT_8003,塔除雾器进口压力,,CM01,Mpa
TT_4002a,1#干燥机预热风管道温,,CM01,℃
TT_4003a,1#干燥机加热风管道温,,CM01,℃
TT_4004a,1干燥机旋风除尘管温,,CM01,℃
TT_4002b,2#干燥机预热风管道温,,CM01,℃
TT_4003b,2#干燥机加热风管道温,,CM01,℃
TT_4004b,2干燥机旋风除尘管温,,CM01,℃
PT_3001,旋流器入口压力,EQ00014,CM01,Mpa
PT_9002,至机组循环回水压力,,CM01,Mpa
AI02080502,备用,,CM01,
AI02080503,备用,,CM01,
AI02080504,备用,,CM01,
AI02080505,备用,,CM01,
TETLT_1,脱硫塔出口温度,EQ00001,CM01,℃
PTTLT_2,脱硫塔出口压力,EQ00001,CM01,Pa
ATTLT_3,脱硫塔出口氧量,EQ00001,CM01,％
ATTLT_4,脱硫塔出口烟尘,EQ00001,CM01,mg/NM3
ATTLT_5,脱硫塔出口流量,EQ00001,CM01,M3/h
ATTLT_6,脱硫塔出口SO2,EQ00001,CM01,mg/m3
ATTLT_7,脱硫塔出口NO,EQ00001,CM01,mg/m3
FT_4001,进口蒸汽流量,,CM01,kg/h
AV_6003ZT,去塔氨水流量阀位,,CM01,%
AI02080703,电机频率反馈,,CM01,Hz
AI02080704,电机电流反馈,,CM01,A
AI02080705,备用,,CM01,
LV2001_AI,加氨调节阀反馈,,CM01,
LV2002_AI,氧化补水调节阀反馈,,CM01,
P2004C_AI,水洗泵P2004CB相电流,,CM01,A
LT2203,加氨槽液位,,CM01,kPa
AI02080804,备用,,CM01,
AI02080805,备用,,CM01,
AI01081000,,,CM01,
PT-1208,,,CM01,
AT-1201-1,2#塔净烟气SO2浓度,,CM01,
AT-1202-1,2#塔净烟气NOX浓度,,CM01,
AT-1203-1,2#塔净烟气O2浓度,,CM01,
AT-1204-1,2#塔净烟气粉尘浓度,,CM01,
AT-1205-1,2#塔净烟气NH3浓度,,CM01,
AT-1206-1,2#塔净烟气温度,,CM01,
AT-1207-1,2#塔净烟气压力,,CM01,KPa
AT-1208-1,2#塔净烟气流量,,CM01,
AT-1209-1,2#塔净烟气氨逃逸浓度,,CM01,
AR-2201,2#氧化槽浆液PH值,,CM01,PH
AR-2202,2#加氨槽浆液PH值,,CM01,PH
P2201A-AI,2#吸收循环泵A电流,,CM01,
P2201B-AI,2#吸收循环泵B电流,,CM01,
P2201C-AI,2#吸收循环泵C电流,,CM01,
P2202A-AI,2#扰动泵A电流,,CM01,
P2202B-AI,2#扰动泵B电流,,CM01,
P2203A-AI,2#浓缩循环泵A电流,,CM01,
P2203B-AI,2#浓缩循环泵B电流,,CM01,
P2204A-AI,2#浓缩排出泵A电流,,CM01,
P2204B-AI,2#浓缩排出泵B电流,,CM01,
C4201A-AI,氧化风机电机电流,,CM01,
LI-5201,2#塔脱硫区地坑液位,EQ00034,CM01,m
LV2001_AO,加氨槽阀门调节,,CM01,
LV2002_AO,补水阀门调节,,CM01,
C5505A_HzO,3#高压风机频率给定,,CM01,
AO02081403,备用,,CM01,
LCV2201-AO,去1#塔氨水开度给定,,CM01,
LSV2203-AO,2#塔稀硫铵冲洗阀给定,,CM01,
LSV2201-AO,2#塔浓缩段冲洗阀给定,,CM01,
AO02081503,备用,,CM01,
C1101A_ZS1,高压风机A运行,,CM01,是
C1101A_ZS2,高压风机A允高压合闸,,CM01,是
C1101A_ZS3,高压风机A自动旁合闸,,CM01,是
C1101A_ZS4,高压风机A系统就绪,,CM01,是
C1101A_PM1,高压风机A重故障,,CM01,是
C1101A_PM2,高压风机A轻故障,,CM01,是
C1101A_RM,高压风机ADCS控制,,CM01,是
C1101A1ZS1,高压风机A冷风机1运行,,CM01,是
C1101A2ZS2,高压风机A冷风机2运行,,CM01,是
C1101A3ZS3,高压风机A冷风机3运行,,CM01,是
C1101APM,高压风机A冷风机故障,,CM01,是
C1101B_ZS1,高压风机B运行,,CM01,是
C1101B_ZS2,高压风机B允高压合闸,,CM01,是
C1101B_ZS3,高压风机B自动旁合闸,,CM01,是
C1101B_ZS4,高压风机B系统就绪,,CM01,是
C1101B_PM1,高压风机B重故障,,CM01,是
C1101B_PM2,高压风机B轻故障,,CM01,是
C1101B_RM,高压风机BDCS控制,,CM01,是
C1101B1ZS1,高压风机B冷风机1运行,,CM01,是
C1101B2ZS2,高压风机B冷风机2运行,,CM01,是
C1101B3ZS3,高压风机B冷风机3运行,,CM01,是
C1101BPM,高压风机B冷风机故障,,CM01,是
P2001A_ZQ,1级循环水泵A起动状态,,CM01,是
P2001A_ZS,1级循环水泵A运行状态,,CM01,是
P2001A_ZB,1级循环水泵A备妥输出,,CM01,是
P2001A_PM,1级循环水泵A故障报警,,CM01,是
P2001A_RM,1级循环水泵ADCS状态,,CM01,是
P2001B_ZQ,1级循环水泵B起动状态,,CM01,是
P2001B_ZS,1级循环水泵B运行状态,,CM01,是
P2001B_ZB,1级循环水泵B备妥输出,,CM01,是
P2001B_PM,1级循环水泵B故障报警,,CM01,是
P2001B_RM,1级循环水泵BDCS状态,,CM01,是
P2001C_ZQ,1级循环水泵C起动状态,,CM01,是
P2001C_ZS,1级循环水泵C运行状态,,CM01,是
P2001C_ZB,1级循环水泵C备妥输出,,CM01,是
P2001C_PM,1级循环水泵C故障报警,,CM01,是
P2001C_RM,1级循环水泵CDCS状态,,CM01,是
P2001D_ZQ,1级循环水泵D起动状态,,CM01,是
P2001D_ZS,1级循环水泵D运行状态,,CM01,是
P2001D_ZB,1级循环水泵D备妥输出,,CM01,是
P2001D_PM,1级循环水泵D故障报警,,CM01,是
P2001D_RM,1级循环水泵DDCS状态,,CM01,是
C5001_ZQ,氧化风机A起动状态,,CM01,是
C5001_ZS,氧化风机A运行状态,,CM01,是
C5001_ZB,氧化风机A备妥输出,,CM01,是
C5001_PM,氧化风机A故障报警,,CM01,是
C5001_RM,氧化风机ADCS控制状态,,CM01,是
C5002_ZQ,氧化风机B起动状态,,CM01,是
C5002_ZS,氧化风机B运行状态,,CM01,是
C5002_ZB,氧化风机B备妥输出,,CM01,是
C5002_PM,氧化风机B故障报警,,CM01,是
C5002_RM,氧化风机BDCS控制状态,,CM01,是
C5003_ZQ,氧化风机C起动状态,,CM01,是
C5003_ZS,氧化风机C运行状态,,CM01,是
C5003_ZB,氧化风机C备妥输出,,CM01,是
C5003_PM,氧化风机C故障报警,,CM01,是
C5003_RM,氧化风机CDCS状态,,CM01,是
P2002A_ZS,2级循环泵A运行状态,,CM01,是
P2002A_PM,2级循环泵A事故跳闸,,CM01,是
P2002A_RM,2级循环泵ADCS状态,,CM01,是
P2002B_ZS,2级循环泵B运行状态,,CM01,是
P2002B_PM,2级循环泵B事故跳闸,,CM01,是
P2002B_RM,2级循环泵BDCS状态,,CM01,是
P2004A_ZS,1段循环水泵A运行状态,,CM01,是
P2004A_PM,1段循环水泵A事故跳闸,,CM01,是
P2004A_RM,1段循环水泵ADCS状态,,CM01,是
P2004B_ZS,1段循环水泵B运行状态,,CM01,是
P2004B_PM,1段循环水泵B事故跳闸,,CM01,是
P2004B_RM,1段循环水泵BDCS状态,,CM01,是
P2005A_ZS,2段循环水泵A运行状态,,CM01,是
P2005A_PM,2段循环水泵A事故跳闸,,CM01,是
P2005A_RM,2段循环水泵ADCS状态,,CM01,是
P2005B_ZS,2段循环水泵B运行状态,,CM01,是
P2005B_PM,2段循环水泵B事故跳闸,,CM01,是
P2005B_RM,2段循环水泵BDCS状态,,CM01,是
C4004A_ZS,干燥引风机A运行状态,EQ00026,CM01,是
C4004A_PM,干燥引风机A事故跳闸,EQ00026,CM01,是
C4004A_RM,干燥引风机ADCS状态,EQ00026,CM01,是
C4004B_ZS,干燥引风机B运行状态,,CM01,是
C4004B_PM,干燥引风机B事故跳闸,,CM01,是
C4004B_RM,干燥引风机BDCS状态,,CM01,是
S3002A_ZS,离心机A运行状态,EQ00015,CM01,是
S3002A_PM,离心机A事故跳闸,EQ00015,CM01,是
S3002A_RM,离心机ADCS控制状态,EQ00015,CM01,是
S3002B_ZS,离心机B运行状态,EQ00016,CM01,是
S3002B_PM,离心机B事故跳闸,EQ00016,CM01,是
S3002B_RM,离心机BDCS控制状态,EQ00016,CM01,是
S3002AB_ZS,离心机A油泵运行状态,EQ00015,CM01,是
S3002AB_PM,离心机A油泵事故跳闸,EQ00015,CM01,是
S3002AB_RM,离心机A油泵DCS状态,EQ00015,CM01,是
S3002BB_ZS,离心机B油泵运行状态,EQ00016,CM01,是
S3002BB_PM,离心机B油泵事故跳闸,EQ00016,CM01,是
S3002BB_RM,离心机B油泵DCS状态,EQ00016,CM01,是
P2003A_ZS,硫铵排出泵A运行状态,,CM01,是
P2003A_PM,硫铵排出泵A事故跳闸,,CM01,是
P2003A_RM,硫铵排出泵ADCS状态,,CM01,是
P2003B_ZS,硫铵排出泵B运行状态,,CM01,是
P2003B_PM,硫铵排出泵B事故跳闸,,CM01,是
P2003B_RM,硫铵排出泵BDCS状态,,CM01,是
P8001A_ZS,工艺水泵A运行状态,EQ00040,CM01,是
P8001A_PM,工艺水泵A事故跳闸,EQ00040,CM01,是
P8001A_RM,工艺水泵ADCS状态,EQ00040,CM01,是
P8001B_ZS,工艺水泵B运行状态,EQ00041,CM01,是
P8001B_PM,工艺水泵B事故跳闸,EQ00041,CM01,是
P8001B_RM,工艺水泵BDCS状态,EQ00041,CM01,是
P7001_ZS,检修泵运行状态,,CM01,是
P7001_PM,检修泵事故跳闸,,CM01,是
P7001_RM,检修泵DCS控制状态,,CM01,是
C4002A_ZS,预热风机A运行状态,EQ00023,CM01,是
C4002A_PM,预热风机A事故跳闸,EQ00023,CM01,是
C4002A_RM,预热风机ADCS状态,EQ00023,CM01,是
C4002B_ZS,预热风机B运行状态,,CM01,是
C4002B_PM,预热风机B事故跳闸,,CM01,是
C4002B_RM,预热风机BDCS状态,,CM01,是
P7002_ZS,吸收区地坑泵运行状态,,CM01,是
P7002_PM,吸收区地坑泵事故跳闸,,CM01,是
P7002_RM,吸收区地坑泵DCS状态,,CM01,是
P7003_ZS,硫铵区地坑泵运行状态,,CM01,是
P7003_PM,硫铵区地坑泵事故跳闸,,CM01,是
P7003_RM,硫铵区地坑泵DCS状态,,CM01,是
P4001_ZS,尾气洗涤循环泵运行,,CM01,是
P4001_PM,尾气洗涤循环泵跳闸,,CM01,是
P4001_RM,尾气洗涤循环泵状态,,CM01,是
P6001A_ZS,氨水泵A运行状态,EQ00037,CM01,是
P6001A_PM,氨水泵A事故跳闸,EQ00037,CM01,是
P6001A_RM,氨水泵ADCS控制状态,EQ00037,CM01,是
P6001B_ZS,氨水泵B运行状态,EQ00038,CM01,是
P6001B_PM,氨水泵B事故跳闸,EQ00038,CM01,是
P2004C_ZS,1段循环水泵C运行状态,,CM01,是
P2004C_RM,1段循环水泵C运方状态,,CM01,是
P2004C_PM,1段循环水泵C故障状态,,CM01,是
XV_8007ZO,加氨槽补水阀门开,,CM01,是
XV_8007ZC,加氨槽补水阀门开,,CM01,是
DI02100805,备用,,CM01,是
DI02100806,备用,,CM01,是
DI02100807,备用,,CM01,是
DI02100808,备用,,CM01,是
DI02100809,备用,,CM01,是
DI02100810,备用,,CM01,是
DI02100811,备用,,CM01,是
DI02100812,备用,,CM01,是
DI02100813,备用,,CM01,是
DI02100814,备用,,CM01,是
DI02100815,备用,,CM01,是
PT-1208--2,2#脱硫塔烟气出口压力,,CM01,
PT-1202,2#塔浓缩段压力,,CM01,Pa
PT-1206,2#塔最上层除雾后压力,,CM01,Pa
PT-1205,2#塔水洗段除雾后压力,,CM01,Pa
PT-1204,2#塔吸收段除雾后压力,,CM01,Pa
PT-1203,2#塔吸收段后压力,,CM01,Pa
LRCA-2201,2#脱硫塔浆液液位,,CM01,Kpa
LRCA-2202,2#氧化槽浆液液位,,CM01,Kpa
DRC-2203,2#加氨槽密度,,CM01,kg/m3
LRCA-2203,2#加氨槽液位,,CM01,Kpa
PI-2201,2#塔浓缩泵出口压力,,CM01,MPa
PI-2202,2#塔水洗层入口压力,,CM01,MPa
DRC-2201,2#塔浓缩段密度,,CM01,kPa
PIA-4201,2#塔氧化风压力,,CM01,kPa
PI-6201,2#脱硫除雾器母管压力,,CM01,MPa
LCV2201-ZC,去2#塔氨水调节阀反馈,,CM01,
FRQ-2001,2#吸收系统氨水流量,,CM01,
AIA-2001,2#脱硫氨泄漏报警,,CM01,
TSIA-1204A,2#脱硫塔浓缩段温度A,,CM01,
AI0000000,备用,,CM01,
TSIA-1204C,2#脱硫塔浓缩段温度C,,CM01,
TSIA-1205,2#脱硫塔吸收段后温度,,CM01,
TSIA-1204B,2#脱硫塔浓缩段温度B,,CM01,℃
TI4001,2#塔氧化风机前轴温1,,CM01,
TI4002,2#塔氧化风机前轴温2,,CM01,
TI4003,2#塔氧化风机后轴温1,,CM01,
TI4004,2#塔氧化风机后轴温2,,CM01,
TI4005,2#塔湿电后温度1,,CM01,℃
TI4006,2#塔湿电后温度2,,CM01,
TI4007,2#塔湿电后温度3,,CM01,
P2002A_MS,2级循环泵A合闸命令,,CM01,是
P2002A_MD,2级循环泵A分闸命令,,CM01,是
P2002B_MS,2级循环泵B合闸命令,,CM01,是
P2002B_MD,2级循环泵B分闸命令,,CM01,是
P2004A_MS,1段循环水泵A合闸命令,,CM01,是
P2004A_MD,1段循环水泵A分闸命令,,CM01,是
P2004B_MS,1段循环水泵B合闸命令,,CM01,是
P2004B_MD,1段循环水泵B分闸命令,,CM01,是
P2005A_MS,2段循环水泵A合闸命令,,CM01,是
P2005A_MD,2段循环水泵A分闸命令,,CM01,是
P2005B_MS,2段循环水泵B合闸命令,,CM01,是
P2005B_MD,2段循环水泵B分闸命令,,CM01,是
C4004A_MS,干燥引风机A合闸命令,EQ00026,CM01,是
C4004A_MD,干燥引风机A分闸命令,EQ00026,CM01,是
C4004B_MS,干燥引风机B合闸命令,,CM01,是
C4004B_MD,干燥引风机B分闸命令,,CM01,是
S3002A_MS,离心机A合闸命令,EQ00015,CM01,是
S3002A_MD,离心机A分闸命令,EQ00015,CM01,是
S3002B_MS,离心机B合闸命令,EQ00016,CM01,是
S3002B_MD,离心机B分闸命令,EQ00016,CM01,是
S3002AB_MS,离心机A油泵合闸命令,EQ00015,CM01,是
S3002AB_MD,离心机A油泵分闸命令,EQ00015,CM01,否
S3002BB_MS,离心机B油泵合闸命令,EQ00016,CM01,是
S3002BB_MD,离心机B油泵分闸命令,EQ00016,CM01,否
P2003A_MS,硫铵排出泵A合闸命令,,CM01,是
P2003A_MD,硫铵排出泵A分闸命令,,CM01,否
P2003B_MS,硫铵排出泵B合闸命令,,CM01,是
P2003B_MD,硫铵排出泵B分闸命令,,CM01,否
P8001A_MS,工艺水泵A合闸命令,EQ00040,CM01,是
P8001A_MD,工艺水泵A分闸命令,EQ00040,CM01,否
P8001B_MS,工艺水泵B合闸命令,EQ00041,CM01,是
P8001B_MD,工艺水泵B分闸命令,EQ00041,CM01,否
P7001_MS,检修泵合闸命令,,CM01,是
P7001_MD,检修泵分闸命令,,CM01,否
C4002A_MS,预热风机A合闸命令,EQ00023,CM01,是
C4002A_MD,预热风机A分闸命令,EQ00023,CM01,否
C4002B_MS,预热风机B合闸命令,,CM01,是
C4002B_MD,预热风机B分闸命令,,CM01,否
P7002_MS,吸收区地坑泵合闸命令,,CM01,是
P7002_MD,吸收区地坑泵分闸命令,,CM01,否
P7003_MS,硫铵区地坑泵合闸命令,,CM01,是
P7003_MD,硫铵区地坑泵分闸命令,,CM01,否
P4001_MS,尾气洗涤循环泵合闸,,CM01,是
P4001_MD,尾气洗涤循环泵分闸,,CM01,否
P6001A_MS,氨水泵A合闸命令,EQ00037,CM01,是
P6001A_MD,氨水泵A分闸命令,EQ00037,CM01,否
P6001B_MS,氨水泵B合闸命令,EQ00038,CM01,是
P6001B_MD,氨水泵B分闸命令,EQ00038,CM01,否
F4001A_MS,振动流化床A合闸命令,,CM01,是
F4001A_MD,振动流化床A分闸命令,,CM01,否
F4001B_MS,振动流化床B合闸命令,,CM01,是
F4001B_MD,振动流化床B分闸命令,,CM01,否
C4001A_MS,加热风机A合闸命令,EQ00024,CM01,是
C4001A_MD,加热风机A分闸命令,EQ00024,CM01,否
C4001B_MS,加热风机B合闸命令,,CM01,是
C4001B_MD,加热风机B分闸命令,,CM01,否
C4003A_MS,冷风机A合闸命令,EQ00025,CM01,是
C4003A_MD,冷风机A分闸命令,EQ00025,CM01,否
C4003B_MS,冷风机B合闸命令,,CM01,是
C4003B_MD,冷风机B分闸命令,,CM01,否
M4001A_MS,进料绞龙A合闸命令,,CM01,是
M4001A_MD,进料绞龙A分闸命令,,CM01,否
M4001B_MS,进料绞龙B合闸命令,,CM01,是
M4001B_MD,进料绞龙B分闸命令,,CM01,否
M4002A_MS,旋转卸料阀A合闸命令,EQ00022,CM01,是
M4002A_MD,旋转卸料阀A分闸命令,EQ00022,CM01,否
M4002B_MS,旋转卸料阀B合闸命令,EQ00022,CM01,是
M4002B_MD,旋转卸料阀B分闸命令,EQ00022,CM01,否
A2001_MS,循环槽搅拌器合闸命令,EQ00005,CM01,是
A2001_MD,循环槽搅拌器分闸命令,EQ00005,CM01,否
APL07_MS,超声波发生器合闸命令,,CM01,是
APL07_MD,超声波发生器分闸命令,,CM01,否
C1101A_MD,2期高压风机A分闸命令,,CM01,是
C1101A_MS,2期高压风机A合闸命令,,CM01,是
C1101B_MD,2期高压风机B分闸命令,,CM01,是
C1101B_MS,2期高压风机B合闸命令,,CM01,是
C5001_MD,氧化风机A分闸命令,,CM01,是
C5001_MS,氧化风机A合闸命令,,CM01,是
C5002_MD,氧化风机B分闸命令,,CM01,是
C5002_MS,氧化风机B合闸命令,,CM01,是
C5003_MD,氧化风机C分闸命令,,CM01,是
C5003_MS,氧化风机C合闸命令,,CM01,是
P2001A_MD,1级循环水泵A分闸命令,,CM01,是
P2001A_MS,1级循环水泵A合闸命令,,CM01,是
P2001B_MD,1级循环水泵B分闸命令,,CM01,是
P2001B_MS,1级循环水泵B合闸命令,,CM01,是
P2001C_MD,1级循环水泵C分闸命令,,CM01,是
P2001C_MS,1级循环水泵C合闸命令,,CM01,是
P2001D_MD,1级循环水泵D分闸命令,,CM01,是
P2001D_MS,1级循环水泵D合闸命令,,CM01,是
XV_8002aO,塔2级除雾器冲洗阀1开,,CM01,是
XV_8002aC,塔2级除雾器冲洗阀1关,,CM01,是
XV_8002bO,塔2级除雾器冲洗阀2开,,CM01,是
XV_8002bC,塔2级除雾器冲洗阀2关,,CM01,是
XV_8002cO,塔2级除雾器冲洗阀3开,,CM01,是
XV_8002cC,塔2级除雾器冲洗阀3关,,CM01,是
XV_8003aO,塔1级除雾器冲洗阀1开,,CM01,是
XV_8003aC,塔1级除雾器冲洗阀1关,,CM01,是
XV_8003bO,塔1级除雾器冲洗阀2开,,CM01,是
XV_8003bC,塔1级除雾器冲洗阀2关,,CM01,是
XV_8003cO,塔1级除雾器冲洗阀3开,,CM01,是
XV_8003cC,塔1级除雾器冲洗阀3关,,CM01,是
XV_PLO,打开旁路挡板门指令,,CM01,是
XV_CCC,关闭除尘进口挡板门,,CM01,是
DO02120608,备用,,CM01,是
DO02120609,备用,,CM01,是
DO02120610,备用,,CM01,是
DO02120611,备用,,CM01,是
DO02120612,备用,,CM01,是
DO02120613,备用,,CM01,是
DO02120614,备用,,CM01,是
DO02120615,备用,,CM01,是
DO02120700,备用,,CM01,是
DO02120701,备用,,CM01,是
DO02120702,备用,,CM01,是
DO02120703,备用,,CM01,是
DO02120704,备用,,CM01,是
DO02120705,备用,,CM01,是
DO02120706,备用,,CM01,是
DO02120707,备用,,CM01,是
DO02120708,备用,,CM01,是
DO02120709,备用,,CM01,是
DO02120710,备用,,CM01,是
DO02120711,备用,,CM01,是
DO02120712,备用,,CM01,是
DO02120713,备用,,CM01,是
DO02120714,备用,,CM01,是
DO02120715,备用,,CM01,是
DO02120800,备用,,CM01,是
DO02120801,备用,,CM01,是
DO02120802,备用,,CM01,是
DO02120803,备用,,CM01,是
DO02120804,备用,,CM01,是
DO02120805,备用,,CM01,是
DO02120806,备用,,CM01,是
DO02120807,备用,,CM01,是
DO02120808,备用,,CM01,是
DO02120809,备用,,CM01,是
DO02120810,备用,,CM01,是
DO02120811,备用,,CM01,是
DO02120812,备用,,CM01,是
DO02120813,备用,,CM01,是
DO02120814,备用,,CM01,是
DO02120815,备用,,CM01,是
DO02120900,备用,,CM01,是
DO02120901,备用,,CM01,是
DO02120902,备用,,CM01,是
DO02120903,备用,,CM01,是
DO02120904,备用,,CM01,是
DO02120905,备用,,CM01,是
DO02120906,备用,,CM01,是
DO02120907,备用,,CM01,是
DO02120908,备用,,CM01,是
DO02120909,备用,,CM01,是
DO02120910,备用,,CM01,是
DO02120911,备用,,CM01,是
DO02120912,备用,,CM01,是
DO02120913,备用,,CM01,是
DO02120914,备用,,CM01,是
DO02120915,备用,,CM01,是
DO02121000,备用,,CM01,是
DO02121001,备用,,CM01,是
DO02121002,备用,,CM01,是
DO02121003,备用,,CM01,是
DO02121004,备用,,CM01,是
DO02121005,备用,,CM01,是
DO02121006,备用,,CM01,是
DO02121007,备用,,CM01,是
DO02121008,备用,,CM01,是
DO02121009,备用,,CM01,是
DO02121010,备用,,CM01,是
DO02121011,备用,,CM01,是
DO02121012,备用,,CM01,是
DO02121013,备用,,CM01,是
DO02121014,备用,,CM01,是
DO02121015,备用,,CM01,是
DO02121100,备用,,CM01,是
DO02121101,备用,,CM01,是
DO02121102,备用,,CM01,是
DO02121103,备用,,CM01,是
DO02121104,备用,,CM01,是
DO02121105,备用,,CM01,是
DO02121106,备用,,CM01,是
DO02121107,备用,,CM01,是
DO02121108,备用,,CM01,是
DO02121109,备用,,CM01,是
DO02121110,备用,,CM01,是
DO02121111,备用,,CM01,是
DO02121112,备用,,CM01,是
DO02121113,备用,,CM01,是
DO02121114,备用,,CM01,是
DO02121115,备用,,CM01,是
DO02121200,备用,,CM01,是
DO02121201,备用,,CM01,是
DO02121202,备用,,CM01,是
DO02121203,备用,,CM01,是
DO02121204,备用,,CM01,是
DO02121205,备用,,CM01,是
DO02121206,备用,,CM01,是
DO02121207,备用,,CM01,是
DO02121208,备用,,CM01,是
DO02121209,备用,,CM01,是
DO02121210,备用,,CM01,是
DO02121211,备用,,CM01,是
DO02121212,备用,,CM01,是
DO02121213,备用,,CM01,是
DO02121214,备用,,CM01,是
DO02121215,备用,,CM01,是
DI01121300,,,CM01,是
DI01121301,,,CM01,是
DI01121302,,,CM01,是
DI01121303,,,CM01,是
DI01121304,,,CM01,是
DI01121305,,,CM01,是
DI01121306,,,CM01,是
DI01121307,,,CM01,是
DI01121308,,,CM01,是
DI01121309,,,CM01,是
DI01121310,,,CM01,是
DI01121311,,,CM01,是
DI01121312,,,CM01,是
DI01121313,,,CM01,是
DI01121314,,,CM01,是
DI01121315,,,CM01,是
DI01121400,,,CM01,是
DI01121401,,,CM01,是
DI01121402,,,CM01,是
DI01121403,,,CM01,是
DI01121404,,,CM01,是
DI01121405,,,CM01,是
DI01121406,,,CM01,是
DI01121407,,,CM01,是
DI01121408,,,CM01,是
DI01121409,,,CM01,是
DI01121410,,,CM01,是
DI01121411,,,CM01,是
DI01121412,,,CM01,是
DI01121413,,,CM01,是
DI01121414,,,CM01,是
DI01121415,,,CM01,是
P2004C_MS,启动,,CM01,是
P2004C_MD,停止,,CM01,是
DO02121502,备用,,CM01,是
DO02121503,备用,,CM01,是
DO02121504,备用,,CM01,是
DO02121505,备用,,CM01,是
DO02121506,备用,,CM01,是
DO02121507,备用,,CM01,是
DO02121508,备用,,CM01,是
DO02121509,备用,,CM01,是
DO02121510,备用,,CM01,是
DO02121511,备用,,CM01,是
DO02121512,备用,,CM01,是
DO02121513,备用,,CM01,是
DO02121514,备用,,CM01,是
DO02121515,备用,,CM01,是
CM1201_ZF,2#塔原CEMS故障,,CM01,是
CM1201_ZS1,2#塔原CEMS吹扫,,CM01,是
CM1201_ZS2,2#塔原CEMS校准,,CM01,是
CM1201_ZS3,2#塔原CEMS运行,,CM01,是
CS1201_ZF,2#塔净烟气CEMS故障,,CM01,是
CS1201_ZS1,2#塔净烟气CEMS吹扫,,CM01,是
CS1201_ZS2,2#塔净烟气CEMS校准,,CM01,是
CS1201_ZS3,2#塔净烟气CEMS运行,,CM01,是
SV1201ZO,2#塔事故喷淋阀开,,CM01,是
SV1201ZC,2#塔事故喷淋阀关,,CM01,是
SV1201F,2#塔事故喷淋阀故障,,CM01,是
SV1201RM,2#塔事故喷淋阀远控,,CM01,是
SV2201ZO,2#塔浓缩冲洗阀开到位,,CM01,是
SV2201ZC,2#塔浓缩冲洗阀关到位,,CM01,是
SV2203ZO,2#塔稀硫铵冲洗阀开位,,CM01,是
SV2203ZC,2#塔稀硫铵冲洗阀关位,,CM01,是
SV2202ZO,2#塔加氨槽补液阀开,,CM01,是
SV2202ZC,2#塔加氨槽补液阀关,,CM01,是
SV2202F,2#塔加氨槽补液阀故障,,CM01,是
SV2202RM,2#塔加氨槽补液阀远控,,CM01,是
SV6201ZO,2#塔除雾器冲洗阀1开,,CM01,是
SV6201ZC,2#塔除雾器冲洗阀1关,,CM01,是
SV6201F,2#塔除雾器冲洗阀1故,,CM01,是
SV6201RM,2#塔除雾器冲洗阀1远,,CM01,是
SV6202ZO,2#塔除雾器冲洗阀2开,,CM01,是
SV6202ZC,2#塔除雾器冲洗阀2关,,CM01,是
SV6202F,2#塔除雾器冲洗阀2故,,CM01,是
SV6202RM,2#塔除雾器冲洗阀2远,,CM01,是
SV6203ZO,2#塔除雾器冲洗阀3开,,CM01,是
SV6203ZC,2#塔除雾器冲洗阀3关,,CM01,是
SV6203F,2#塔除雾器冲洗阀3故,,CM01,是
SV6203RM,2#塔除雾器冲洗阀3远,,CM01,是
SV6204ZO,2#塔除雾器冲洗阀4开,,CM01,是
SV6204ZC,2#塔除雾器冲洗阀4关,,CM01,是
SV6204F,2#塔除雾器冲洗阀4故,,CM01,是
SV6204RM,2#塔除雾器冲洗阀4远,,CM01,是
SV6205ZO,2#塔除雾器冲洗阀5开,,CM01,是
SV6205ZC,2#塔除雾器冲洗阀5关,,CM01,是
SV6205F,2#塔除雾器冲洗阀5故,,CM01,是
SV6205RM,2#塔除雾器冲洗阀5远,,CM01,是
SV6206ZO,2#塔除雾器冲洗阀6开,,CM01,是
SV6206ZC,2#塔除雾器冲洗阀6关,,CM01,是
SV6206F,2#塔除雾器冲洗阀6故,,CM01,是
SV6206RM,2#塔除雾器冲洗阀6远,,CM01,是
SV6207ZO,2#塔除雾器冲洗阀7开,,CM01,是
SV6207ZC,2#塔除雾器冲洗阀7关,,CM01,是
SV6207F,2#塔除雾器冲洗阀7故,,CM01,是
SV6207RM,2#塔除雾器冲洗阀7远,,CM01,是
SV6208ZO,2#塔除雾器冲洗阀8开,,CM01,是
SV6208ZC,2#塔除雾器冲洗阀8关,,CM01,是
SV6208F,2#塔除雾器冲洗阀8故,,CM01,是
SV6208RM,2#塔除雾器冲洗阀8远,,CM01,是
SV6209ZO,2#塔浓缩塔壁冲洗阀开,,CM01,是
SV6209ZC,2#塔浓缩塔壁冲洗阀关,,CM01,是
SV6209F,2#塔浓缩塔壁冲洗阀故,,CM01,是
SV6209RM,2#塔浓缩塔壁冲洗阀远,,CM01,是
SV6210ZO,2#塔冲洗阀开,,CM01,是
SV6210ZC,2#塔冲洗阀关,,CM01,是
SV6210F,2#塔冲洗阀故,,CM01,是
SV6210RM,2#塔冲洗阀远,,CM01,是
SV6211ZO,2#塔烟道两侧冲洗阀开,,CM01,是
SV6211ZC,2#塔烟道两侧冲洗阀关,,CM01,是
SV6211F,2#塔烟道两侧冲洗阀故,,CM01,是
SV6211RM,2#塔烟道两侧冲洗阀远,,CM01,是
SV6212ZO,2#塔烟道底部冲洗阀开,,CM01,是
SV6212ZC,2#塔烟道底部冲洗阀关,,CM01,是
SV6212F,2#塔烟道底部冲洗阀故,,CM01,是
SV6212RM,2#塔烟道底部冲洗阀远,,CM01,是
LV2201F,去1#塔氨水调节阀故障,,CM01,是
LV2201RM,去1#塔氨水调节阀远控,,CM01,是
P2201A_ZS,2#塔吸收循环泵A运行,,CM01,是
P2201A_PM,2#塔吸收循环泵A故障,,CM01,是
P2201A_RM,2#塔吸收循环泵A远控,,CM01,是
P2201B_ZS,2#塔吸收循环泵B运行,,CM01,是
P2201B_PM,2#塔吸收循环泵B故障,,CM01,是
P2201B_RM,2#塔吸收循环泵B远控,,CM01,是
P2201C_ZS,2#塔吸收循环泵C运行,,CM01,是
P2201C_PM,2#塔吸收循环泵C故障,,CM01,是
P2201C_RM,2#塔吸收循环泵C远控,,CM01,是
DI01140415,备用,,CM01,是
P2202A_ZS,2#扰动泵A运行,,CM01,是
P2202A_PM,2#扰动泵A故障,,CM01,是
P2202A_RM,2#扰动泵A远控,,CM01,是
P2202B_ZS,2#扰动泵B运行,,CM01,是
P2202B_PM,2#扰动泵B故障,,CM01,是
P2202B_RM,2#扰动泵B远控,,CM01,是
P2202C_ZS,2#扰动泵C运行,,CM01,是
P2202C_PM,2#扰动泵C故障,,CM01,是
P2202C_RM,2#扰动泵C远控,,CM01,是
P2203A_ZS,2#浓缩循环泵A运行,,CM01,是
P2203A_PM,2#浓缩循环泵A故障,,CM01,是
P2203A_RM,2#浓缩循环泵A远控,,CM01,是
P2203B_ZS,2#浓缩循环泵B运行,,CM01,是
P2203B_PM,2#浓缩循环泵B故障,,CM01,是
P2203B_RM,2#浓缩循环泵B远控,,CM01,是
DI01140515,备用,,CM01,是
P2204A_ZS,2#塔浓缩排出泵A运行,,CM01,是
P2204A_PM,2#塔浓缩排出泵A故障,,CM01,是
P2204A_RM,2#塔浓缩排出泵A远控,,CM01,是
P2204B_ZS,2#塔浓缩排出泵B运行,,CM01,是
P2204B_PM,2#塔浓缩排出泵B故障,,CM01,是
P2204B_RM,2#塔浓缩排出泵B远控,,CM01,是
C4201A_ZS,2#塔氧化风机运行,,CM01,是
C4201A_PM,2#塔氧化风机故障,,CM01,是
C4201A_RM,2#塔氧化风机远控,,CM01,是
P5201_ZS,2#塔地坑泵运行,,CM01,是
P5201_PM,2#塔地坑泵故障,,CM01,是
P5201_RM,地坑泵远控,,CM01,是
DI01140612,备用,,CM01,是
DI01140613,备用,,CM01,是
DI01140614,备用,,CM01,是
DI01140615,备用,,CM01,是
GP01_PM,2#高频电源故障,,CM01,是
GP01_ZS,2#高频电源运行,,CM01,是
GP02_PM,2#高频绝缘子加热故障,,CM01,是
GP02_ZS,2#高频绝缘子加热运行,,CM01,是
GP02_RM,2#高频绝缘子加热远控,,CM01,是
GP03_PM,2#高频空气加热故障,,CM01,是
GP03_ZS,2#高频空气加热运行,,CM01,是
GP03_RM,2#高频空气加热远控,,CM01,是
GP04_PM,2#高频吹扫风机故障,,CM01,是
GP04_ZS,2#高频吹扫风机运行,,CM01,是
GP04_RM,2#高频吹扫风机远控,,CM01,是
DI01140711,备用,,CM01,是
DI01140712,备用,,CM01,是
DI01140713,备用,,CM01,是
DI01140714,备用,,CM01,是
DI01140715,备用,,CM01,是
SV1201_VO,2#塔事故喷淋阀开,,CM01,是
SV1201_VC,2#塔事故喷淋阀关,,CM01,是
SV2202_VO,2#塔加氨槽补液阀开,,CM01,是
SV2202_VC,2#塔加氨槽补液阀关,,CM01,是
SV6201_VO,2#塔除雾器冲洗阀1开,,CM01,是
SV6201_VC,2#塔除雾器冲洗阀1关,,CM01,是
SV6202_VO,2#塔除雾器冲洗阀2开,,CM01,是
SV6202_VC,2#塔除雾器冲洗阀2关,,CM01,是
SV6203_VO,2#塔除雾器冲洗阀3开,,CM01,是
SV6203_VC,2#塔除雾器冲洗阀3关,,CM01,是
SV6204_VO,2#塔除雾器冲洗阀4开,,CM01,是
SV6204_VC,2#塔除雾器冲洗阀4关,,CM01,是
SV6205_VO,2#塔除雾器冲洗阀5开,,CM01,是
SV6205_VC,2#塔除雾器冲洗阀5关,,CM01,是
SV6206_VO,2#塔除雾器冲洗阀6开,,CM01,是
SV6206_VC,2#塔除雾器冲洗阀6关,,CM01,是
SV6207_VO,2#塔除雾器冲洗阀7开,,CM01,是
SV6207_VC,2#塔除雾器冲洗阀7关,,CM01,是
SV6208_VO,2#塔除雾器冲洗阀8开,,CM01,是
SV6208_VC,2#塔除雾器冲洗阀8关,,CM01,是
SV6209_VO,2#塔浓缩塔壁冲洗阀开,,CM01,是
SV6209_VC,2#塔浓缩塔壁冲洗阀关,,CM01,是
SV6210_VO,2#塔冲洗阀开,,CM01,是
SV6210_VC,2#塔冲洗阀关,,CM01,是
SV6211_VO,2#塔烟道两侧冲洗阀开,,CM01,是
SV6211_VC,2#塔烟道两侧冲洗阀关,,CM01,是
SV6212_VO,2#塔烟道底部冲洗阀开,,CM01,是
SV6212_VC,2#塔烟道底部冲洗阀关,,CM01,是
P2201A_MS,2#吸收循环泵A启动,,CM01,是
P2201A_MD,2#吸收循环泵A停止,,CM01,是
P2201B_MS,2#吸收循环泵B启动,,CM01,是
P2201B_MD,2#吸收循环泵B停止,,CM01,是
P2201C_MS,2#吸收循环泵C启动,,CM01,是
P2201C_MD,2#吸收循环泵C停止,,CM01,是
P2202A_MS,2#扰动泵A启动,,CM01,是
P2202A_MD,2#扰动泵A停止,,CM01,是
P2202B_MS,2#扰动泵B启动,,CM01,是
P2202B_MD,2#扰动泵B停止,,CM01,是
P2203A_MS,2#浓缩循环泵A启动,,CM01,是
P2203A_MD,2#浓缩循环泵A停止,,CM01,是
P2203B_MS,2#浓缩循环泵B启动,,CM01,是
P2203B_MD,2#浓缩循环泵B停止,,CM01,是
P2204A_MS,2#浓缩排出泵A启动,,CM01,是
P2204A_MD,2#浓缩排出泵A停止,,CM01,是
P2204B_MS,2#浓缩排出泵B启动,,CM01,是
P2204B_MD,2#浓缩排出泵B停止,,CM01,是
C4201A_MS,2#塔氧化风机启动,,CM01,是
C4201A_MD,2#塔氧化风机停止,,CM01,是
P5201_MS,2#塔地坑泵启动,,CM01,是
P5201_MD,2#塔地坑泵停止,,CM01,是
GP01_MS,2#高频电源启动,,CM01,是
GP01_MD,2#高频电源停止,,CM01,是
GP02_MS,2#高频绝缘子加热启动,,CM01,是
GP02_MD,2#高频绝缘子加热停止,,CM01,是
GP03_MS,2#高频空气加热启动,,CM01,是
GP03_MD,2#高频空气加热停止,,CM01,是
GP04_MS,2#高频吹扫风机启动,,CM01,是
GP04_MD,2#高频吹扫风机停止,,CM01,是
DO01141310,备用,,CM01,是
DO01141311,备用,,CM01,是
DO01141312,备用,,CM01,是
SV2201_VO,2#塔农缩段冲洗阀开,,CM01,是
DO01141314,备用,,CM01,是
SV2203_VO,2#塔稀硫铵冲洗阀开,,CM01,是
P2002A_LS,2级循环泵A联锁,,CM01,
P2002A_ST,2级循环泵A启动,,CM01,
P2002A_SP,2级循环泵A停止,,CM01,
P2002A_DF,2级循环泵A故障,,CM01,
P2002A_SA,2级循环泵A复位,,CM01,
P2002B_LS,2级循环泵B联锁,,CM01,
P2002B_ST,2级循环泵B启动,,CM01,
P2002B_SP,2级循环泵B停止,,CM01,
P2002B_DF,2级循环泵B故障,,CM01,
P2002B_SA,2级循环泵B复位,,CM01,
P2004A_LS,1段循环水泵A联锁,,CM01,
P2004A_ST,1段循环水泵A启动,,CM01,
P2004A_SP,1段循环水泵A停止,,CM01,
P2004A_DF,1段循环水泵A故障,,CM01,
P2004A_SA,1段循环水泵A复位,,CM01,
P2004B_LS,1段循环水泵B联锁,,CM01,
P2004B_ST,1段循环水泵B启动,,CM01,
P2004B_SP,1段循环水泵B停止,,CM01,
P2004B_DF,1段循环水泵B故障,,CM01,
P2004B_SA,1段循环水泵B复位,,CM01,
P2005A_LS,2段循环水泵A联锁,,CM01,
P2005A_ST,2段循环水泵A启动,,CM01,
P2005A_SP,2段循环水泵A停止,,CM01,
P2005A_DF,2段循环水泵A故障,,CM01,
P2005A_SA,2段循环水泵A复位,,CM01,
P2005B_LS,2段循环水泵B联锁,,CM01,
P2005B_ST,2段循环水泵B启动,,CM01,
P2005B_SP,2段循环水泵B停止,,CM01,
P2005B_DF,2段循环水泵B故障,,CM01,
P2005B_SA,2段循环水泵B复位,,CM01,
C4004A_LS,干燥引风机A联锁,EQ00026,CM01,
C4004A_ST,干燥引风机A启动,EQ00026,CM01,
C4004A_SP,干燥引风机A停止,EQ00026,CM01,
C4004A_DF,干燥引风机A故障,EQ00026,CM01,
C4004A_SA,干燥引风机A复位,EQ00026,CM01,
C4004B_LS,干燥引风机B联锁,,CM01,
C4004B_ST,干燥引风机B启动,,CM01,
C4004B_SP,干燥引风机B停止,,CM01,
C4004B_DF,干燥引风机B故障,,CM01,
C4004B_SA,干燥引风机B复位,,CM01,
S3002A_LS,离心机A联锁,EQ00015,CM01,
S3002A_ST,离心机A启动,EQ00015,CM01,
S3002A_SP,离心机A停止,EQ00015,CM01,
S3002A_DF,离心机A故障,EQ00015,CM01,
S3002A_SA,离心机A复位,EQ00015,CM01,
S3002B_LS,离心机B联锁,EQ00016,CM01,
S3002B_ST,离心机B启动,EQ00016,CM01,
S3002B_SP,离心机B停止,EQ00016,CM01,
S3002B_DF,离心机B故障,EQ00016,CM01,
S3002B_SA,离心机B复位,EQ00016,CM01,
S3002AB_LS,离心机A油泵联锁,EQ00015,CM01,
S3002AB_ST,离心机A油泵启动,EQ00015,CM01,
S3002AB_SP,离心机A油泵停止,EQ00015,CM01,
S3002AB_DF,离心机A油泵故障,EQ00015,CM01,
S3002AB_SA,离心机A油泵复位,EQ00015,CM01,
S3002BB_LS,离心机B油泵联锁,EQ00016,CM01,
S3002BB_ST,离心机B油泵启动,EQ00016,CM01,
S3002BB_SP,离心机B油泵停止,EQ00016,CM01,
S3002BB_DF,离心机B油泵故障,EQ00016,CM01,
S3002BB_SA,离心机B油泵复位,EQ00016,CM01,
P2003A_LS,硫铵排出泵A联锁,,CM01,
P2003A_ST,硫铵排出泵A启动,,CM01,
P2003A_SP,硫铵排出泵A停止,,CM01,
P2003A_DF,硫铵排出泵A故障,,CM01,
P2003A_SA,硫铵排出泵A复位,,CM01,
P2003B_LS,硫铵排出泵B联锁,,CM01,
P2003B_ST,硫铵排出泵B启动,,CM01,
P2003B_SP,硫铵排出泵B停止,,CM01,
P2003B_DF,硫铵排出泵B故障,,CM01,
P2003B_SA,硫铵排出泵B复位,,CM01,
P8001A_LS,工艺水泵A联锁,EQ00040,CM01,
P8001A_ST,工艺水泵A启动,EQ00040,CM01,
P8001A_SP,工艺水泵A停止,EQ00040,CM01,
P8001A_DF,工艺水泵A故障,EQ00040,CM01,
P8001A_SA,工艺水泵A复位,EQ00040,CM01,
P8001B_LS,工艺水泵B联锁,EQ00041,CM01,
P8001B_ST,工艺水泵B启动,EQ00041,CM01,
P8001B_SP,工艺水泵B停止,EQ00041,CM01,
P8001B_DF,工艺水泵B故障,EQ00041,CM01,
P8001B_SA,工艺水泵B复位,EQ00041,CM01,
P7001_LS,检修泵联锁,,CM01,
P7001_ST,检修泵启动,,CM01,
P7001_SP,检修泵停止,,CM01,
P7001_DF,检修泵故障,,CM01,
P7001_SA,检修泵复位,,CM01,
C4002A_LS,预热风机A联锁,EQ00023,CM01,
C4002A_ST,预热风机A启动,EQ00023,CM01,
C4002A_SP,预热风机A停止,EQ00023,CM01,
C4002A_DF,预热风机A故障,EQ00023,CM01,
C4002A_SA,预热风机A复位,EQ00023,CM01,
C4002B_LS,预热风机B联锁,,CM01,
C4002B_ST,预热风机B启动,,CM01,
C4002B_SP,预热风机B停止,,CM01,
C4002B_DF,预热风机B故障,,CM01,
C4002B_SA,预热风机B复位,,CM01,
P7002_LS,吸收区地坑泵联锁,,CM01,
P7002_ST,吸收区地坑泵启动,,CM01,
P7002_SP,吸收区地坑泵停止,,CM01,
P7002_DF,吸收区地坑泵故障,,CM01,
P7002_SA,吸收区地坑泵复位,,CM01,
P7003_LS,硫铵区地坑泵联锁,,CM01,
P7003_ST,硫铵区地坑泵启动,,CM01,
P7003_SP,硫铵区地坑泵停止,,CM01,
P7003_DF,硫铵区地坑泵故障,,CM01,
P7003_SA,硫铵区地坑泵复位,,CM01,
P4001_LS,尾气洗涤循环泵联锁,,CM01,
P4001_ST,尾气洗涤循环泵启动,,CM01,
P4001_SP,尾气洗涤循环泵停止,,CM01,
P4001_DF,尾气洗涤循环泵故障,,CM01,
P4001_SA,尾气洗涤循环泵复位,,CM01,
P6001A_LS,氨水泵A联锁,EQ00037,CM01,
P6001A_ST,氨水泵A启动,EQ00037,CM01,
P6001A_SP,氨水泵A停止,EQ00037,CM01,
P6001A_DF,氨水泵A故障,EQ00037,CM01,
P6001A_SA,氨水泵A复位,EQ00037,CM01,
P6001B_LS,氨水泵B联锁,EQ00038,CM01,
P6001B_ST,氨水泵B启动,EQ00038,CM01,
P6001B_SP,氨水泵B停止,EQ00038,CM01,
P6001B_DF,氨水泵B故障,EQ00038,CM01,
P6001B_SA,氨水泵B复位,EQ00038,CM01,
F4001A_LS,振动流化床A联锁,,CM01,
F4001A_ST,振动流化床A启动,,CM01,
F4001A_SP,振动流化床A停止,,CM01,
F4001A_DF,振动流化床A故障,,CM01,
F4001A_SA,振动流化床A复位,,CM01,
F4001B_LS,振动流化床B联锁,,CM01,
F4001B_ST,振动流化床B启动,,CM01,
F4001B_SP,振动流化床B停止,,CM01,
F4001B_DF,振动流化床B故障,,CM01,
F4001B_SA,振动流化床B复位,,CM01,
C4001A_LS,加热风机A联锁,EQ00024,CM01,
C4001A_ST,加热风机A启动,EQ00024,CM01,
C4001A_SP,加热风机A停止,EQ00024,CM01,
C4001A_DF,加热风机A故障,EQ00024,CM01,
C4001A_SA,加热风机A复位,EQ00024,CM01,
C4001B_LS,加热风机B联锁,,CM01,
C4001B_ST,加热风机B启动,,CM01,
C4001B_SP,加热风机B停止,,CM01,
C4001B_DF,加热风机B故障,,CM01,
C4001B_SA,加热风机B复位,,CM01,
C4003A_LS,冷风机A联锁,EQ00025,CM01,
C4003A_ST,冷风机A启动,EQ00025,CM01,
C4003A_SP,冷风机A停止,EQ00025,CM01,
C4003A_DF,冷风机A故障,EQ00025,CM01,
C4003A_SA,冷风机A复位,EQ00025,CM01,
C4003B_LS,冷风机B联锁,,CM01,
C4003B_ST,冷风机B启动,,CM01,
C4003B_SP,冷风机B停止,,CM01,
C4003B_DF,冷风机B故障,,CM01,
C4003B_SA,冷风机B复位,,CM01,
M4001A_LS,进料绞龙A联锁,,CM01,
M4001A_ST,进料绞龙A启动,,CM01,
M4001A_SP,进料绞龙A停止,,CM01,
M4001A_DF,进料绞龙A故障,,CM01,
M4001A_SA,进料绞龙A复位,,CM01,
M4001B_LS,进料绞龙B联锁,,CM01,
M4001B_ST,进料绞龙B启动,,CM01,
M4001B_SP,进料绞龙B停止,,CM01,
M4001B_DF,进料绞龙B故障,,CM01,
M4001B_SA,进料绞龙B复位,,CM01,
M4002A_LS,旋转卸料阀A联锁,EQ00022,CM01,
M4002A_ST,旋转卸料阀A启动,EQ00022,CM01,
M4002A_SP,旋转卸料阀A停止,EQ00022,CM01,
M4002A_DF,旋转卸料阀A故障,EQ00022,CM01,
M4002A_SA,旋转卸料阀A复位,EQ00022,CM01,
M4002B_LS,旋转卸料阀B联锁,EQ00022,CM01,
M4002B_ST,旋转卸料阀B启动,EQ00022,CM01,
M4002B_SP,旋转卸料阀B停止,EQ00022,CM01,
M4002B_DF,旋转卸料阀B故障,EQ00022,CM01,
M4002B_SA,旋转卸料阀B复位,EQ00022,CM01,
A2001_LS,循环槽搅拌器联锁,EQ00005,CM01,
A2001_ST,循环槽搅拌器启动,EQ00005,CM01,
A2001_SP,循环槽搅拌器停止,EQ00005,CM01,
A2001_DF,循环槽搅拌器故障,EQ00005,CM01,
A2001_SA,循环槽搅拌器复位,EQ00005,CM01,
APL07_LS,超声波发生器联锁,,CM01,
APL07_ST,超声波发生器启动,,CM01,
APL07_SP,超声波发生器停止,,CM01,
APL07_DF,超声波发生器故障,,CM01,
APL07_SA,超声波发生器复位,,CM01,
C1101A_LS,2期高压风机A联锁,,CM01,
C1101A_ST,2期高压风机A启动,,CM01,
C1101A_SP,2期高压风机A停止,,CM01,
C1101A_DF,2期高压风机A故障,,CM01,
C1101A_SA,2期高压风机A复位,,CM01,
C1101B_LS,2期高压风机B联锁,,CM01,
C1101B_ST,2期高压风机B启动,,CM01,
C1101B_SP,2期高压风机B停止,,CM01,
C1101B_DF,2期高压风机B故障,,CM01,
C1101B_SA,2期高压风机B复位,,CM01,
C5001_LS,氧化风机A联锁,,CM01,
C5001_ST,氧化风机A启动,,CM01,
C5001_SP,氧化风机A停止,,CM01,
C5001_DF,氧化风机A故障,,CM01,
C5001_SA,氧化风机A复位,,CM01,
C5002_LS,氧化风机B联锁,,CM01,
C5002_ST,氧化风机B启动,,CM01,
C5002_SP,氧化风机B停止,,CM01,
C5002_DF,氧化风机B故障,,CM01,
C5002_SA,氧化风机B复位,,CM01,
C5003_LS,氧化风机C联锁,,CM01,
C5003_ST,氧化风机C启动,,CM01,
C5003_SP,氧化风机C停止,,CM01,
C5003_DF,氧化风机C故障,,CM01,
C5003_SA,氧化风机C复位,,CM01,
XV_1001L,塔入口烟道消防水阀联,,CM01,
XV_1001K,塔入口烟道消防水阀开,,CM01,
XV_1001G,塔入口烟道消防水阀关,,CM01,
XV_1001F,塔入口烟道消防水阀故,,CM01,
XV_1001S,塔入口烟道消防水阀复,,CM01,
XV_6001L,除盐水入口切断阀联,,CM01,
XV_6001K,除盐水入口切断阀开,,CM01,
XV_6001G,除盐水入口切断阀关,,CM01,
XV_6001F,除盐水入口切断阀故,,CM01,
XV_6001S,除盐水入口切断阀复,,CM01,
FSV_6002L,去氨稀释液氨入口阀联,,CM01,
FSV_6002K,去氨稀释液氨入口阀开,,CM01,
FSV_6002G,去氨稀释液氨入口阀关,,CM01,
FSV_6002F,去氨稀释液氨入口阀故,,CM01,
FSV_6002S,去氨稀释液氨入口阀复,,CM01,
XV_2001aL,2级循环泵A入口阀联,,CM01,
XV_2001aK,2级循环泵A入口阀开,,CM01,
XV_2001aG,2级循环泵A入口阀关,,CM01,
XV_2001aF,2级循环泵A入口阀故,,CM01,
XV_2001aS,2级循环泵A入口阀复,,CM01,
XV_2001bL,2级循环泵B入口阀联,,CM01,
XV_2001bK,2级循环泵B入口阀开,,CM01,
XV_2001bG,2级循环泵B入口阀关,,CM01,
XV_2001bF,2级循环泵B入口阀故,,CM01,
XV_2001bS,2级循环泵B入口阀复,,CM01,
XV_2002aL,2级循环泵A出口阀联,,CM01,
XV_2002aK,2级循环泵A出口阀开,,CM01,
XV_2002aG,2级循环泵A出口阀关,,CM01,
XV_2002aF,2级循环泵A出口阀故,,CM01,
XV_2002aS,2级循环泵A出口阀复,,CM01,
XV_2002bL,2级循环泵B出口阀联,,CM01,
XV_2002bK,2级循环泵B出口阀开,,CM01,
XV_2002bG,2级循环泵B出口阀关,,CM01,
XV_2002bF,2级循环泵B出口阀故,,CM01,
XV_2002bS,2级循环泵B出口阀复,,CM01,
XV_2003L,浓缩段稀硫铵冲洗阀联,,CM01,
XV_2003K,浓缩段稀硫铵冲洗阀开,,CM01,
XV_2003G,浓缩段稀硫铵冲洗阀关,,CM01,
XV_2003F,浓缩段稀硫铵冲洗阀故,,CM01,
XV_2003S,浓缩段稀硫铵冲洗阀复,,CM01,
XV_2004L,浓缩段回流阀联,,CM01,
XV_2004K,浓缩段回流阀开,,CM01,
XV_2004G,浓缩段回流阀关,,CM01,
XV_2004F,浓缩段回流阀故,,CM01,
XV_2004S,浓缩段回流阀复,,CM01,
XV_2005L,2段循环水槽入口阀联,,CM01,
XV_2005K,2段循环水槽入口阀开,,CM01,
XV_2005G,2段循环水槽入口阀关,,CM01,
XV_2005F,2段循环水槽入口阀故,,CM01,
XV_2005S,2段循环水槽入口阀复,,CM01,
XV_2006L,1段循环水槽入口阀联,,CM01,
XV_2006K,1段循环水槽入口阀开,,CM01,
XV_2006G,1段循环水槽入口阀关,,CM01,
XV_2006F,1段循环水槽入口阀故,,CM01,
XV_2006S,1段循环水槽入口阀复,,CM01,
XV_8001L,工艺水槽入口阀联,EQ00039,CM01,
XV_8001K,工艺水槽入口阀开,EQ00039,CM01,
XV_8001G,工艺水槽入口阀关,EQ00039,CM01,
XV_8001F,工艺水槽入口阀故,EQ00039,CM01,
XV_8001S,工艺水槽入口阀复,EQ00039,CM01,
XV_8004aL,浓缩段溢流管冲洗阀联,,CM01,
XV_8004aK,浓缩段溢流管冲洗阀开,,CM01,
XV_8004aG,浓缩段溢流管冲洗阀关,,CM01,
XV_8004aF,浓缩段溢流管冲洗阀故,,CM01,
XV_8004aS,浓缩段溢流管冲洗阀复,,CM01,
XV_8004bL,浓缩段底流管冲洗阀联,,CM01,
XV_8004bK,浓缩段底流管冲洗阀开,,CM01,
XV_8004bG,浓缩段底流管冲洗阀关,,CM01,
XV_8004bF,浓缩段底流管冲洗阀故,,CM01,
XV_8004bS,浓缩段底流管冲洗阀复,,CM01,
XV_8004cL,浓缩段排空管冲洗阀联,,CM01,
XV_8004cK,浓缩段排空管冲洗阀开,,CM01,
XV_8004cG,浓缩段排空管冲洗阀关,,CM01,
XV_8004cF,浓缩段排空管冲洗阀故,,CM01,
XV_8004cS,浓缩段排空管冲洗阀复,,CM01,
XV_8005L,浓缩段水冲洗阀联,,CM01,
XV_8005K,浓缩段水冲洗阀开,,CM01,
XV_8005G,浓缩段水冲洗阀关,,CM01,
XV_8005F,浓缩段水冲洗阀故,,CM01,
XV_8005S,浓缩段水冲洗阀复,,CM01,
XV_8006L,2次氧化空气冲洗阀联,,CM01,
XV_8006K,2次氧化空气冲洗阀开,,CM01,
XV_8006G,2次氧化空气冲洗阀关,,CM01,
XV_8006F,2次氧化空气冲洗阀故,,CM01,
XV_8006S,2次氧化空气冲洗阀复,,CM01,
XV_8007L,氧化段补水阀联,,CM01,
XV_8007K,氧化段补水阀开,,CM01,
XV_8007G,氧化段补水阀关,,CM01,
XV_8007F,氧化段补水阀故,,CM01,
XV_8007S,氧化段补水阀复,,CM01,
XV_8008aL,2级循环泵A出冲洗阀联,,CM01,
XV_8008aK,2级循环泵A出冲洗阀开,,CM01,
XV_8008aG,2级循环泵A出冲洗阀关,,CM01,
XV_8008aF,2级循环泵A出冲洗阀故,,CM01,
XV_8008aS,2级循环泵A出冲洗阀复,,CM01,
XV_8008bL,2级循环泵B出冲洗阀联,,CM01,
XV_8008bK,2级循环泵B出冲洗阀开,,CM01,
XV_8008bG,2级循环泵B出冲洗阀关,,CM01,
XV_8008bF,2级循环泵B出冲洗阀故,,CM01,
XV_8008bS,2级循环泵B出冲洗阀复,,CM01,
XV_8009aL,2级循环泵A进冲洗阀联,,CM01,
XV_8009aK,2级循环泵A进冲洗阀开,,CM01,
XV_8009aG,2级循环泵A进冲洗阀关,,CM01,
XV_8009aF,2级循环泵A进冲洗阀故,,CM01,
XV_8009aS,2级循环泵A进冲洗阀复,,CM01,
XV_8009bL,2级循环泵B进冲洗阀联,,CM01,
XV_8009bK,2级循环泵B进冲洗阀开,,CM01,
XV_8009bG,2级循环泵B进冲洗阀关,,CM01,
XV_8009bF,2级循环泵B进冲洗阀故,,CM01,
XV_8009bS,2级循环泵B进冲洗阀复,,CM01,
XV_8010aL,入口烟道底部冲洗阀联,,CM01,
XV_8010aK,入口烟道底部冲洗阀开,,CM01,
XV_8010aG,入口烟道底部冲洗阀关,,CM01,
XV_8010aF,入口烟道底部冲洗阀故,,CM01,
XV_8010aS,入口烟道底部冲洗阀复,,CM01,
XV_8010bL,入口烟道两侧冲洗阀联,,CM01,
XV_8010bK,入口烟道两侧冲洗阀开,,CM01,
XV_8010bG,入口烟道两侧冲洗阀关,,CM01,
XV_8010bF,入口烟道两侧冲洗阀故,,CM01,
XV_8010bS,入口烟道两侧冲洗阀复,,CM01,
XV_4001L,1#干燥机蒸汽入口阀联,,CM01,
XV_4001K,1#干燥机蒸汽入口阀开,,CM01,
XV_4001G,1#干燥机蒸汽入口阀关,,CM01,
XV_4001F,1#干燥机蒸汽入口阀故,,CM01,
XV_4001S,1#干燥机蒸汽入口阀复,,CM01,
XV_4002L,2#干燥机蒸汽入口阀联,,CM01,
XV_4002K,2#干燥机蒸汽入口阀开,,CM01,
XV_4002G,2#干燥机蒸汽入口阀关,,CM01,
XV_4002F,2#干燥机蒸汽入口阀故,,CM01,
XV_4002S,2#干燥机蒸汽入口阀复,,CM01,
XV_8002aL,塔2级除雾器冲洗阀1联,,CM01,
XV_8002aK,塔2级除雾器冲洗阀1开,,CM01,
XV_8002aG,塔2级除雾器冲洗阀1关,,CM01,
XV_8002aZ,塔2级除雾器冲洗阀1故,,CM01,
XV_8002aS,塔2级除雾器冲洗阀1复,,CM01,
XV_8002bL,塔2级除雾器冲洗阀2联,,CM01,
XV_8002bK,塔2级除雾器冲洗阀2开,,CM01,
XV_8002bG,塔2级除雾器冲洗阀2关,,CM01,
XV_8002bZ,塔2级除雾器冲洗阀2故,,CM01,
XV_8002bS,塔2级除雾器冲洗阀2复,,CM01,
XV_8002cL,塔2级除雾器冲洗阀3联,,CM01,
XV_8002cK,塔2级除雾器冲洗阀3开,,CM01,
XV_8002cG,塔2级除雾器冲洗阀3关,,CM01,
XV_8002cZ,塔2级除雾器冲洗阀3故,,CM01,
XV_8002cS,塔2级除雾器冲洗阀3复,,CM01,
XV_8003aL,塔1级除雾器冲洗阀1联,,CM01,
XV_8003aK,塔1级除雾器冲洗阀1开,,CM01,
XV_8003aG,塔1级除雾器冲洗阀1关,,CM01,
XV_8003aZ,塔1级除雾器冲洗阀1故,,CM01,
XV_8003aS,塔1级除雾器冲洗阀1复,,CM01,
XV_8003bL,塔1级除雾器冲洗阀2联,,CM01,
XV_8003bK,塔1级除雾器冲洗阀2开,,CM01,
XV_8003bG,塔1级除雾器冲洗阀2关,,CM01,
XV_8003bZ,塔1级除雾器冲洗阀2故,,CM01,
XV_8003bS,塔1级除雾器冲洗阀2复,,CM01,
XV_8003cL,塔1级除雾器冲洗阀3联,,CM01,
XV_8003cK,塔1级除雾器冲洗阀3开,,CM01,
XV_8003cG,塔1级除雾器冲洗阀3关,,CM01,
XV_8003cZ,塔1级除雾器冲洗阀3故,,CM01,
XV_8003cS,塔1级除雾器冲洗阀3复,,CM01,
XV_PLL,打旁路挡板门指令联,,CM01,
XV_PLK,打旁路挡板门指令开,,CM01,
XV_PLG,打旁路挡板门指令关,,CM01,
XV_PLF,打旁路挡板门指令故,,CM01,
XV_PLS,打旁路挡板门指令复,,CM01,
P4004B_LS,干燥风机B联锁,,CM01,
P4004B_ST,干燥风机B启动,,CM01,
P4004B_SP,干燥风机B停止,,CM01,
P4004B_DF,干燥风机B故障,,CM01,
P4004B_SA,干燥风机B复位,,CM01,
P4004A_LS,干燥风机A联锁,,CM01,
P4004A_ST,干燥风机A启动,,CM01,
P4004A_SP,干燥风机A停止,,CM01,
P4004A_DF,干燥风机A故障,,CM01,
P4004A_SA,干燥风机A复位,,CM01,
P2001A_LS,循环水泵A联锁,,CM01,
P2001A_ST,循环水泵A启动,,CM01,
P2001A_SP,循环水泵A停止,,CM01,
P2001A_DF,循环水泵A故障,,CM01,
P2001A_SA,循环水泵A复位,,CM01,
P2001B_LS,循环水泵B联锁,,CM01,
P2001B_ST,循环水泵B启动,,CM01,
P2001B_SP,循环水泵B停止,,CM01,
P2001B_DF,循环水泵B故障,,CM01,
P2001B_SA,循环水泵B复位,,CM01,
P2001C_LS,循环水泵C联锁,,CM01,
P2001C_ST,循环水泵C启动,,CM01,
P2001C_SP,循环水泵C停止,,CM01,
P2001C_DF,循环水泵C故障,,CM01,
P2001C_SA,循环水泵C复位,,CM01,
P2001D_LS,循环水泵D联锁,,CM01,
P2001D_ST,循环水泵D启动,,CM01,
P2001D_SP,循环水泵D停止,,CM01,
P2001D_DF,循环水泵D故障,,CM01,
P2001D_SA,循环水泵D复位,,CM01,
FQ_8001QL,工艺水流量清零,,CM01,
FQ_6003QL,氨水流量清零,,CM01,
FQ_4001QL,蒸汽流量清零,,CM01,
LT6001XZ,选用氨水槽A,EQ00036,CM01,
LT2001HLS,循环槽高液位联锁,EQ00004,CM01,
LT2001LS,循环槽液位联锁,EQ00004,CM01,
YHDYWLS,氧化段液位联锁,,CM01,
LT2001HGF,循环槽高液位关阀,EQ00004,CM01,
XV8004aCK,溢流口冲洗程控投入,,CM01,
XV8004bCK,底流口冲洗程控投入,,CM01,
XV8004cCK,底流阀冲洗程控投入,,CM01,
XV8010aCK,底部冲洗程控投入,,CM01,
XV8010bCK,两侧冲洗程控投入,,CM01,
XV8005CK,塔壁冲洗程控投入,,CM01,
XV8006CK,二次空气冲洗程控投入,,CM01,
XV2003CK,稀硫铵冲洗程控投入,,CM01,
HXTATBLS,后系统A跳泵联锁,,CM01,
HXTBTBLS,后系统B跳泵联锁,,CM01,
NSD70,浓缩段超温,,CM01,
CWCKTRAN,除雾器程控投入按钮,,CM01,
CWCKJCAN,除雾器程控解除按钮,,CM01,
CWCKTR,除雾器程控投入状态,,CM01,
CWZJBL,除雾器程控中间变量,,CM01,
CWCKTC,除雾器程控退出,,CM01,
CWXHTR,除雾器程控循环投入,,CM01,
CWZJBL1,除雾器程控中间变量,,CM01,
CWZJBL2,除雾器程控中间变量,,CM01,
AT6001BJ,氨泄露报警,,CM01,
P2002BJ,二级泵全停,,CM01,
PT2003BJ,二级压力异常,,CM01,
PT5001BJ,氧化空气压力异常,,CM01,
CWCKGF,除雾程控关补水阀,,CM01,
P2001ABJ,一级泵A停报警,EQ00006,CM01,
P2001BBJ,一级泵B停报警,EQ00007,CM01,
P2001CBJ,一级泵C停报警,EQ00008,CM01,
P2001DBJ,一级泵D停报警,EQ00009,CM01,
P2002ABJ,二级泵A停报警,,CM01,
P2002BBJ,二级泵B停报警,,CM01,
P2003ABJ,硫铵排出泵A停报警,,CM01,
P2003BBJ,硫铵排出泵B停报警,,CM01,
C5001BJ,氧化风机A停报警,,CM01,
C5002BJ,氧化风机B停报警,,CM01,
C5003BJ,氧化风机C停报警,,CM01,
HXTATBBJ,后系统A停报警,,CM01,
HXTBTBBJ,后系统B停报警,,CM01,
A2001BJ,循环槽搅拌器停报警,EQ00005,CM01,
P2004C_ST,1段循环水泵C启动,,CM01,
P2004C_SP,1段循环水泵C停止,,CM01,
P2004C_DF,1段循环水泵C故障,,CM01,
P2004C_SA,1段循环水泵C复位,,CM01,
JACYWLS,加氨槽液位联锁,,CM01,
SV1201L,SV1201联锁,,CM01,
SV1201K,SV1201开,,CM01,
SV1201G,SV1201关,,CM01,
SV1201S,SV1201复位,,CM01,
SV2202L,SV2202联锁,,CM01,
SV2202K,SV2202开,,CM01,
SV2202G,SV2202关,,CM01,
SV2202S,SV2202复位,,CM01,
SV6201L,SV6201联锁,,CM01,
SV6202L,SV6202联锁,,CM01,
SV6203L,SV6203联锁,,CM01,
SV6204L,SV6204联锁,,CM01,
SV6205L,SV6205联锁,,CM01,
SV6206L,SV6206联锁,,CM01,
SV6207L,SV6207联锁,,CM01,
SV6208L,SV6208联锁,,CM01,
SV6209L,SV6209联锁,,CM01,
SV6210L,SV6210联锁,,CM01,
SV6211L,SV6211联锁,,CM01,
SV6212L,SV6212联锁,,CM01,
SV6201K,SV6201开,,CM01,
SV6202K,SV6202开,,CM01,
SV6203K,SV6203开,,CM01,
SV6204K,SV6204开,,CM01,
SV6205K,SV6205开,,CM01,
SV6206K,SV6206开,,CM01,
SV6207K,SV6207开,,CM01,
SV6208K,SV6208开,,CM01,
SV6209K,SV6209开,,CM01,
SV6210K,SV6210开,,CM01,
SV6211K,SV6211开,,CM01,
SV6212K,SV6212开,,CM01,
SV6201G,SV6201关,,CM01,
SV6202G,SV6202关,,CM01,
SV6203G,SV6203关,,CM01,
SV6204G,SV6204关,,CM01,
SV6205G,SV6205关,,CM01,
SV6206G,SV6206关,,CM01,
SV6207G,SV6207关,,CM01,
SV6208G,SV6208关,,CM01,
SV6209G,SV6209关,,CM01,
SV6210G,SV6210关,,CM01,
SV6211G,SV6211关,,CM01,
SV6212G,SV6212关,,CM01,
SV6201S,SV6201复位,,CM01,
SV6202S,SV6202复位,,CM01,
SV6203S,SV6203复位,,CM01,
SV6204S,SV6204复位,,CM01,
SV6205S,SV6205复位,,CM01,
SV6206S,SV6206复位,,CM01,
SV6207S,SV6207复位,,CM01,
SV6208S,SV6208复位,,CM01,
SV6209S,SV6209复位,,CM01,
SV6210S,SV6210复位,,CM01,
SV6211S,SV6211复位,,CM01,
SV6212S,SV6212复位,,CM01,
P2201A_LS,P2201A联锁,,CM01,
P2201A_ST,P2201A启动,,CM01,
P2201A_SP,P2201A停止,,CM01,
P2201A_DF,P2201A故障,,CM01,
P2201A_SA,P2201A复位,,CM01,
P2201B_LS,P2201B联锁,,CM01,
P2201B_ST,P2201B启动,,CM01,
P2201B_SP,P2201B停止,,CM01,
P2201B_DF,P2201B故障,,CM01,
P2201B_SA,P2201B复位,,CM01,
P2201C_LS,P2201C联锁,,CM01,
P2201C_ST,P2201C启动,,CM01,
P2201C_SP,P2201C停止,,CM01,
P2201C_DF,P2201C故障,,CM01,
P2201C_SA,P2201C复位,,CM01,
P2202A_LS,P2202A联锁,,CM01,
P2202A_ST,P2202A启动,,CM01,
P2202A_SP,P2202A停止,,CM01,
P2202A_DF,P2202A故障,,CM01,
P2202A_SA,P2202A复位,,CM01,
P2202B_LS,P2202B联锁,,CM01,
P2202B_ST,P2202B启动,,CM01,
P2202B_SP,P2202B停止,,CM01,
P2202B_DF,P2202B故障,,CM01,
P2202B_SA,P2202B复位,,CM01,
P2203A_LS,P2203A联锁,,CM01,
P2203A_ST,P2203A启动,,CM01,
P2203A_SP,P2203A停止,,CM01,
P2203A_DF,P2203A故障,,CM01,
P2203A_SA,P2203A复位,,CM01,
P2203B_LS,P2203B联锁,,CM01,
P2203B_ST,P2203B启动,,CM01,
P2203B_SP,P2203B停止,,CM01,
P2203B_DF,P2203B故障,,CM01,
P2203B_SA,P2203B复位,,CM01,
P2204A_LS,P2204A联锁,,CM01,
P2204A_ST,P2204A启动,,CM01,
P2204A_SP,P2204A停止,,CM01,
P2204A_DF,P2204A故障,,CM01,
P2204A_SA,P2204A复位,,CM01,
P2204B_LS,P2204B联锁,,CM01,
P2204B_ST,P2204B启动,,CM01,
P2204B_SP,P2204B停止,,CM01,
P2204B_DF,P2204B故障,,CM01,
P2204B_SA,P2204B复位,,CM01,
C4201A_LS,C4201A联锁,,CM01,
C4201A_ST,C4201A启动,,CM01,
C4201A_SP,C4201A停止,,CM01,
C4201A_DF,C4201A故障,,CM01,
C4201A_SA,C4201A复位,,CM01,
P5201_LS,P5201联锁,,CM01,
P5201_ST,P5201启动,,CM01,
P5201_SP,P5201停止,,CM01,
P5201_DF,P5201故障,,CM01,
P5201_SA,P5201复位,,CM01,
GP01_LS,GP01联锁,,CM01,
GP01_ST,GP01启动,,CM01,
GP01_SP,GP01停止,,CM01,
GP01_DF,GP01故障,,CM01,
GP01_SA,GP01复位,,CM01,
GP02_LS,GP02联锁,,CM01,
GP02_ST,GP02启动,,CM01,
GP02_SP,GP02停止,,CM01,
GP02_DF,GP02故障,,CM01,
GP02_SA,GP02复位,,CM01,
GP03_LS,GP03联锁,,CM01,
GP03_ST,GP03启动,,CM01,
GP03_SP,GP03停止,,CM01,
GP03_DF,GP03故障,,CM01,
GP03_SA,GP03复位,,CM01,
GP04_LS,GP04联锁,,CM01,
GP04_ST,GP04启动,,CM01,
GP04_SP,GP04停止,,CM01,
GP04_DF,GP04故障,,CM01,
GP04_SA,GP04复位,,CM01,
SV2201L,SV2201联锁,,CM01,
SV2201K,SV2201开,,CM01,
SV2201G,SV2201关,,CM01,
SV2201S,SV2201复位,,CM01,
SV2203L,SV2203联锁,,CM01,
SV2203K,SV2203开,,CM01,
SV2203G,SV2203关,,CM01,
SV2203S,SV2203复位,,CM01,
TEH3-2,浓缩段超温,,CM01,
TEL3-2,浓缩段超温,,CM01,
SV6209CK,溢流口冲洗程控投入,,CM01,
SV2202CK,溢流口冲洗程控投入,,CM01,
SV6211CK,溢流口冲洗程控投入,,CM01,
SV6212CK,溢流口冲洗程控投入,,CM01,
T1204WDLS,温度1204联锁,,CM01,
CWCKTRN2-1,除雾器程控投入按钮,,CM01,
CWCKTRN2-2,除雾器程控投入按钮,,CM01,
CWCKQCN2-1,除雾器程控投入按钮,,CM01,
CWCKQCN2-2,除雾器程控投入按钮,,CM01,
CWZJBL2-1,除雾器程控投入按钮,,CM01,
CWZJBL2-2,除雾器程控投入按钮,,CM01,
CWZJBL2-3,除雾器程控投入按钮,,CM01,
CWZJBL2-4,除雾器程控投入按钮,,CM01,
CWCKTR2-1,除雾器程控投入按钮,,CM01,
CWCKTR2-2,除雾器程控投入按钮,,CM01,
CWXHTR2-1,除雾器程控投入按钮,,CM01,
CWXHTR2-2,除雾器程控投入按钮,,CM01,
CWCKTC2-1,除雾器程控投入按钮,,CM01,
CWCKTC2-2,除雾器程控投入按钮,,CM01,
FQ_2001QL,2#氨水流量清零,,CM01,
P2002A_DS,2级循环泵A状态,,CM01,
P2002B_DS,2级循环泵B状态,,CM01,
P2004A_DS,1段循环水泵A状态,,CM01,
P2004B_DS,1段循环水泵B状态,,CM01,
P2005A_DS,2段循环水泵A状态,,CM01,
P2005B_DS,2段循环水泵B状态,,CM01,
C4004A_DS,干燥引风机A状态,EQ00026,CM01,
C4004B_DS,干燥引风机B状态,,CM01,
S3002A_DS,离心机A状态,EQ00015,CM01,
S3002B_DS,离心机B状态,EQ00016,CM01,
S3002AB_DS,离心机A油泵状态,EQ00015,CM01,
S3002BB_DS,离心机B油泵状态,EQ00016,CM01,
P2003A_DS,硫铵排出泵A状态,,CM01,
P2003B_DS,硫铵排出泵B状态,,CM01,
P8001A_DS,工艺水泵A状态,EQ00040,CM01,
P8001B_DS,工艺水泵B状态,EQ00041,CM01,
P7001_DS,检修泵状态,,CM01,
C4002A_DS,预热风机A状态,EQ00023,CM01,
C4002B_DS,预热风机B状态,,CM01,
P7002_DS,吸收区地坑泵状态,,CM01,
P7003_DS,硫铵区地坑泵状态,,CM01,
P4001_DS,尾气洗涤循环泵状态,,CM01,
P6001A_DS,氨水泵A状态,EQ00037,CM01,
P6001B_DS,氨水泵B状态,EQ00038,CM01,
F4001A_DS,振动流化床A状态,,CM01,
F4001B_DS,振动流化床B状态,,CM01,
C4001A_DS,加热风机A状态,EQ00024,CM01,
C4001B_DS,加热风机B状态,,CM01,
C4003A_DS,冷风机A状态,EQ00025,CM01,
C4003B_DS,冷风机B状态,,CM01,
M4001A_DS,进料绞龙A状态,,CM01,
M4001B_DS,进料绞龙B状态,,CM01,
M4002A_DS,旋转卸料阀A状态,EQ00022,CM01,
M4002B_DS,旋转卸料阀B状态,EQ00022,CM01,
A2001_DS,循环槽搅拌器状态,EQ00005,CM01,
APL07_DS,超声波发生器状态,,CM01,
C1101A_DS,2期高压风机A状态,,CM01,
C1101B_DS,2期高压风机B状态,,CM01,
C5001_DS,氧化风机A状态,,CM01,
C5002_DS,氧化风机B状态,,CM01,
C5003_DS,氧化风机C状态,,CM01,
XV_1001D,塔入口烟道消防水阀状,,CM01,
XV_6001D,除盐水入口切断阀状,,CM01,
FSV_6002D,去氨稀释液氨入口阀状,,CM01,
XV_2001aD,2级循环泵A入口阀状,,CM01,
XV_2001bD,2级循环泵B入口阀状,,CM01,
XV_2002aD,2级循环泵A出口阀状,,CM01,
XV_2002bD,2级循环泵B出口阀状,,CM01,
XV_2003D,浓缩段稀硫铵冲洗阀状,,CM01,
XV_2004D,浓缩段回流阀状,,CM01,
XV_2005D,2段循环水槽入口阀状,,CM01,
XV_2006D,1段循环水槽入口阀状,,CM01,
XV_8001D,工艺水槽入口阀状,EQ00039,CM01,
XV_8004aD,浓缩段溢流管冲洗阀状,,CM01,
XV_8004bD,浓缩段底流管冲洗阀状,,CM01,
XV_8004cD,浓缩段排空管冲洗阀状,,CM01,
XV_8005D,浓缩段水冲洗阀状,,CM01,
XV_8006D,2次氧化空气冲洗阀状,,CM01,
XV_8007D,氧化段补水阀状,,CM01,
XV_8008aD,2级循环泵A出冲洗阀状,,CM01,
XV_8008bD,2级循环泵B出冲洗阀状,,CM01,
XV_8009aD,2级循环泵A进冲洗阀状,,CM01,
XV_8009bD,2级循环泵B进冲洗阀状,,CM01,
XV_8010aD,入口烟道底部冲洗阀状,,CM01,
XV_8010bD,入口烟道两侧冲洗阀状,,CM01,
XV_4001D,1#干燥机蒸汽入口阀状,,CM01,
XV_4002D,2#干燥机蒸汽入口阀状,,CM01,
XV_8002aD,塔2级除雾器冲洗阀1状,,CM01,
XV_8002bD,塔2级除雾器冲洗阀2状,,CM01,
XV_8002cD,塔2级除雾器冲洗阀3状,,CM01,
XV_8003aD,塔1级除雾器冲洗阀1状,,CM01,
XV_8003bD,塔1级除雾器冲洗阀2状,,CM01,
XV_8003cD,塔1级除雾器冲洗阀3状,,CM01,
XV_PLD,打旁路挡板门指令状,,CM01,
P4004B_DS,干燥风机B状态,,CM01,
P4004A_DS,干燥风机A状态,,CM01,
P2001A_DS,循环水泵A状态,,CM01,
P2001B_DS,循环水泵B状态,,CM01,
P2001C_DS,循环水泵C状态,,CM01,
P2001D_DS,循环水泵D状态,,CM01,
TIRZH_SD,绕组温度设定,,CM01,
TIZCH_SD,轴承温度设定,,CM01,
LT_8001SDL,LT_8001低设定,,CM01,
LT_8001SDH,LT_8001高设定,,CM01,
YHFJZCWDH,氧化风机风机高温,,CM01,
LT_7003SDL,检修槽低设定,,CM01,
LT_7001SDL,吸收地坑低设定,,CM01,
LT_7001SDH,吸收地坑高设定,,CM01,
LT_7002SDL,硫铵地坑低设定,,CM01,
LT_7002SDH,硫铵地坑高设定,,CM01,
LT_2002SDL,一段槽低设定,,CM01,
LT_2002SDH,一段槽高设定,,CM01,
LT_2003SDL,二段槽低设定,,CM01,
LT_2003SDH,二段槽高设定,,CM01,
LT_2001SDL,循环槽低设定,EQ00004,CM01,
LT_2001SDH,循环槽高设定,EQ00004,CM01,
P2003SDL,硫铵排出泵设定,,CM01,
P2004C_DS,1段循环水泵C状态,,CM01,
SV1201D,SV1201状态,,CM01,
SV2202D,SV2202状态,,CM01,
SV6201D,SV6201状态,,CM01,
SV6202D,SV6201状态,,CM01,
SV6203D,SV6201状态,,CM01,
SV6204D,SV6201状态,,CM01,
SV6205D,SV6201状态,,CM01,
SV6206D,SV6201状态,,CM01,
SV6207D,SV6201状态,,CM01,
SV6208D,SV6201状态,,CM01,
SV6209D,SV6201状态,,CM01,
SV6210D,SV6201状态,,CM01,
SV6211D,SV6201状态,,CM01,
SV6212D,SV6201状态,,CM01,
P2201A_DS,P2201A状态,,CM01,
P2201B_DS,P2201B状态,,CM01,
P2201C_DS,P2201C状态,,CM01,
P2202A_DS,P2202A状态,,CM01,
P2203A_DS,P2203A状态,,CM01,
P2204A_DS,P2204A状态,,CM01,
P2202B_DS,P2202B状态,,CM01,
P2203B_DS,P2203B状态,,CM01,
P2204B_DS,P2204B状态,,CM01,
C4201A_DS,C4201A状态,,CM01,
P5201_DS,P5201状态,,CM01,
GP01_DS,GP01状态,,CM01,
GP02_DS,GP02状态,,CM01,
GP03_DS,GP03状态,,CM01,
GP04_DS,GP04状态,,CM01,
SV2201D,SV2201状态,,CM01,
SV2203D,SV2203状态,,CM01,
LT_2201LS,浓缩段联锁液位,,CM01,
LT6001aJS,氨水槽A液位计算值,EQ00036,CM01,
LT6001bJS,氨水槽B液位计算值,,CM01,
ANSCMD,氨水槽A密度设定,EQ00036,CM01,
YHDMD,氧化段密度设定,,CM01,
YHDYWSDL,氧化段低设定,,CM01,
YHDYWSDH,氧化段高设定,,CM01,
XV8004aT1,溢流口冲洗时间,,CM01,
XV8004aT2,溢流口间隔时间,,CM01,
XV8004bT1,底流口冲洗时间,,CM01,
XV8004bT2,底流口间隔时间,,CM01,
XV8004cT1,底流阀冲洗时间,,CM01,
XV8004cT2,底流阀间隔时间,,CM01,
XV8010aT1,底部冲洗时间,,CM01,
XV8010aT2,底部间隔时间,,CM01,
XV8010bT1,两侧口冲洗时间,,CM01,
XV8010bT2,两侧间隔时间,,CM01,
XV8005T1,塔壁冲洗时间,,CM01,
XV8005T2,塔壁间隔时间,,CM01,
XV8006T1,二次空气冲洗时间,,CM01,
XV8006T2,二次空气间隔时间,,CM01,
XV2003T1,稀硫铵冲洗时间,,CM01,
XV2003T2,稀硫铵间隔时间,,CM01,
YHDYW,氧化段液位,,CM01,
CWCKT1,除雾器冲洗时间,,CM01,
CWCKT2,除雾器间隔时间,,CM01,
TLL,脱硫率,,CM01,
AT1001Z,原烟气SO2折算值,,CM01,
AT1002Z,原烟气NOX折算值,,CM01,
AT1004Z,原烟气粉尘折算值,,CM01,
AT1005Z,净烟气SO2折算值,,CM01,
AT1007Z,净烟气NOX折算值,,CM01,
AT1009Z,净烟气粉尘折算值,,CM01,
FT1001JS,原烟气流量,,CM01,
FT1002JS,净烟气流量,,CM01,
AT1008Z,烟气粉尘折算值,,CM01,
FT1001XS,原烟气流速系数,,CM01,
FT1002XS,净烟气流速系数,,CM01,
ANSCMDB,氨水槽B密度设定,,CM01,
UPS_U,UPS电压,,CM01,
aq,a,,CM01,
SO2,a,,CM01,
aw,a,,CM01,
NOX,a,,CM01,
DYHWZSZ,氮氧化物折算值,,CM01,
FV_4001Z,蒸汽流量,,CM01,
JACYW,加氨槽液位,,CM01,
JACMD,加氨槽密度设定,,CM01,
JACSDL,加氨槽低设定,,CM01,
JACSDH,加氨槽高设定,,CM01,
SV6209T1,冲洗时间,,CM01,
SV6209T2,间隔时间,,CM01,
SV2202T1,冲洗时间,,CM01,
SV2202T2,间隔时间,,CM01,
SV6211T1,冲洗时间,,CM01,
SV6211T2,间隔时间,,CM01,
SV6212T1,冲洗时间,,CM01,
SV6212T2,间隔时间,,CM01,
YHDYW2,2#塔氧化段液位计算值,,CM01,
JACYW2,2#塔加氨槽液位计算值,,CM01,
NSDYW2,2号塔农缩段液位计算,,CM01,
YHDMD2,2#塔氧化段密度设定,,CM01,
JACMD2,2#塔加氨槽密度设定,,CM01,
NSDMD2,2号塔农缩段密度设定,,CM01,
CWCKT2-1,除雾器冲洗时间,,CM01,
CWCKT2-2,除雾器间隔时间,,CM01,
CWCKT2-3,除雾器冲洗时间,,CM01,
CWCKT2-4,除雾器间隔时间,,CM01,
JACYWHSD,加氨槽H设定,,CM01,
JACYWLSD,加氨槽L设定,,CM01,
YHCYWHSD,氧化槽槽H设定,,CM01,
YHCYWLSD,氧化槽槽L设定,,CM01,
FQ_8001,工艺水流量累计,,CM01,
FQ_6003,氨水流量累计,,CM01,
FQ_4001,蒸汽流量累计,,CM01,
FQ_2001,氨水流量累计,,CM01,
C1101A_AC.AM,高压风机A电流给定,,CM01,A
C1101A_AC.D,高压风机A电流给定,,CM01,A
C1101A_AC.I,高压风机A电流给定,,CM01,A
C1101A_AC.MV,高压风机A电流给定,,CM01,A
C1101A_AC.P,高压风机A电流给定,,CM01,A
C1101A_AC.PN,高压风机A电流给定,,CM01,A
C1101A_AC.PV,高压风机A电流给定,,CM01,A
C1101A_AC.SV,高压风机A电流给定,,CM01,A
C1101A_HzC.AM,高压风机A频率给定,,CM01,Hz
C1101A_HzC.D,高压风机A频率给定,,CM01,Hz
C1101A_HzC.I,高压风机A频率给定,,CM01,Hz
C1101A_HzC.MV,高压风机A频率给定,,CM01,Hz
C1101A_HzC.P,高压风机A频率给定,,CM01,Hz
C1101A_HzC.PN,高压风机A频率给定,,CM01,Hz
C1101A_HzC.PV,高压风机A频率给定,,CM01,Hz
C1101A_HzC.SV,高压风机A频率给定,,CM01,Hz
C1101B_AC.AM,高压风机B电流给定,,CM01,A
C1101B_AC.D,高压风机B电流给定,,CM01,A
C1101B_AC.I,高压风机B电流给定,,CM01,A
C1101B_AC.MV,高压风机B电流给定,,CM01,A
C1101B_AC.P,高压风机B电流给定,,CM01,A
C1101B_AC.PN,高压风机B电流给定,,CM01,A
C1101B_AC.PV,高压风机B电流给定,,CM01,A
C1101B_AC.SV,高压风机B电流给定,,CM01,A
C1101B_HzC.AM,高压风机B频率给定,,CM01,Hz
C1101B_HzC.D,高压风机B频率给定,,CM01,Hz
C1101B_HzC.I,高压风机B频率给定,,CM01,Hz
C1101B_HzC.MV,高压风机B频率给定,,CM01,Hz
C1101B_HzC.P,高压风机B频率给定,,CM01,Hz
C1101B_HzC.PN,高压风机B频率给定,,CM01,Hz
C1101B_HzC.PV,高压风机B频率给定,,CM01,Hz
C1101B_HzC.SV,高压风机B频率给定,,CM01,Hz
XC_1002aCC.AM,高压风机A入口门控制,,CM01,%
XC_1002aCC.D,高压风机A入口门控制,,CM01,%
XC_1002aCC.I,高压风机A入口门控制,,CM01,%
XC_1002aCC.MV,高压风机A入口门控制,,CM01,%
XC_1002aCC.P,高压风机A入口门控制,,CM01,%
XC_1002aCC.PN,高压风机A入口门控制,,CM01,%
XC_1002aCC.PV,高压风机A入口门控制,,CM01,%
XC_1002aCC.SV,高压风机A入口门控制,,CM01,%
XC_1002bCC.AM,高压风机B入口门控制,,CM01,%
XC_1002bCC.D,高压风机B入口门控制,,CM01,%
XC_1002bCC.I,高压风机B入口门控制,,CM01,%
XC_1002bCC.MV,高压风机B入口门控制,,CM01,%
XC_1002bCC.P,高压风机B入口门控制,,CM01,%
XC_1002bCC.PN,高压风机B入口门控制,,CM01,%
XC_1002bCC.PV,高压风机B入口门控制,,CM01,%
XC_1002bCC.SV,高压风机B入口门控制,,CM01,%
FC_6002CC.AM,去氨稀释液氨入口调节,,CM01,%
FC_6002CC.D,去氨稀释液氨入口调节,,CM01,%
FC_6002CC.I,去氨稀释液氨入口调节,,CM01,%
FC_6002CC.MV,去氨稀释液氨入口调节,,CM01,%
FC_6002CC.P,去氨稀释液氨入口调节,,CM01,%
FC_6002CC.PN,去氨稀释液氨入口调节,,CM01,%
FC_6002CC.PV,去氨稀释液氨入口调节,,CM01,%
FC_6002CC.SV,去氨稀释液氨入口调节,,CM01,%
AC_6003CC.AM,去塔氨水流量控制,,CM01,%
AC_6003CC.D,去塔氨水流量控制,,CM01,%
AC_6003CC.I,去塔氨水流量控制,,CM01,%
AC_6003CC.MV,去塔氨水流量控制,,CM01,%
AC_6003CC.P,去塔氨水流量控制,,CM01,%
AC_6003CC.PN,去塔氨水流量控制,,CM01,%
AC_6003CC.PV,去塔氨水流量控制,,CM01,%
AC_6003CC.SV,去塔氨水流量控制,,CM01,%
LIC2001.AM,去加氨槽水流量控制,,CM01,%
LIC2001.D,去加氨槽水流量控制,,CM01,%
LIC2001.I,去加氨槽水流量控制,,CM01,%
LIC2001.MV,去加氨槽水流量控制,,CM01,%
LIC2001.P,去加氨槽水流量控制,,CM01,%
LIC2001.PN,去加氨槽水流量控制,,CM01,%
LIC2001.PV,去加氨槽水流量控制,,CM01,%
LIC2001.SV,去加氨槽水流量控制,,CM01,%
LIC2002.AM,去塔身水流量控制,,CM01,%
LIC2002.D,去塔身水流量控制,,CM01,%
LIC2002.I,去塔身水流量控制,,CM01,%
LIC2002.MV,去塔身水流量控制,,CM01,%
LIC2002.P,去塔身水流量控制,,CM01,%
LIC2002.PN,去塔身水流量控制,,CM01,%
LIC2002.PV,去塔身水流量控制,,CM01,%
LIC2002.SV,去塔身水流量控制,,CM01,%
C5505A_HzC.AM,3#电机频率给定,,CM01,Hz
C5505A_HzC.D,3#电机频率给定,,CM01,Hz
C5505A_HzC.I,3#电机频率给定,,CM01,Hz
C5505A_HzC.MV,3#电机频率给定,,CM01,Hz
C5505A_HzC.P,3#电机频率给定,,CM01,Hz
C5505A_HzC.PN,3#电机频率给定,,CM01,Hz
C5505A_HzC.PV,3#电机频率给定,,CM01,Hz
C5505A_HzC.SV,3#电机频率给定,,CM01,Hz
LIC2201.AM,去加氨槽水流量控制,,CM01,%
LIC2201.D,去加氨槽水流量控制,,CM01,%
LIC2201.I,去加氨槽水流量控制,,CM01,%
LIC2201.MV,去加氨槽水流量控制,,CM01,%
LIC2201.P,去加氨槽水流量控制,,CM01,%
LIC2201.PN,去加氨槽水流量控制,,CM01,%
LIC2201.PV,去加氨槽水流量控制,,CM01,%
LIC2201.SV,去加氨槽水流量控制,,CM01,%
LIC2203.AM,去加氨槽水流量控制,,CM01,%
LIC2203.D,去加氨槽水流量控制,,CM01,%
LIC2203.I,去加氨槽水流量控制,,CM01,%
LIC2203.MV,去加氨槽水流量控制,,CM01,%
LIC2203.P,去加氨槽水流量控制,,CM01,%
LIC2203.PN,去加氨槽水流量控制,,CM01,%
LIC2203.PV,去加氨槽水流量控制,,CM01,%
LIC2203.SV,去加氨槽水流量控制,,CM01,%
LIC2201-1.AM,去加氨槽水流量控制,,CM01,%
LIC2201-1.D,去加氨槽水流量控制,,CM01,%
LIC2201-1.I,去加氨槽水流量控制,,CM01,%
LIC2201-1.MV,去加氨槽水流量控制,,CM01,%
LIC2201-1.P,去加氨槽水流量控制,,CM01,%
LIC2201-1.PN,去加氨槽水流量控制,,CM01,%
LIC2201-1.PV,去加氨槽水流量控制,,CM01,%
LIC2201-1.SV,去加氨槽水流量控制,,CM01,%
